path,knowledge,similarQuestion,Answer
通用/SWC,医务室电话，校医室电话,校医办公室在哪里？校医电话多少？医务室联系方式,"<div id=""se-knowledge""><p>校医室办公室在221旁边的玻璃房，电话66618471</p><link rel=""stylesheet"" href=""//g.alicdn.com/ikc-fe/kc-editor-theme/pc.css""></div>"
通用/SWC,宿管办公室，宿管办公室电话,宿管电话是多少？,"<div id=""se-knowledge""><p>梅沙一号：66618477<br>盐体运动员公寓：25164265／22744262<br>天琴湾公寓：25000923</p><link rel=""stylesheet"" href=""//g.alicdn.com/ikc-fe/kc-editor-theme/pc.css""></div>"
通用/GAO,总务报修,"人员出入如何报备？
如何报修？
需要清洁怎么办？",? 打开工作台<br/>? 点击“审批”<br/>? 选择“总务事件单”<br/>? 选择事件类别，填写相关信息<br/>? 点击“提交”<br/>
通用/GAO,失物招领在哪里？,物品丢失在哪里找？,请至202监控中心
通用/GAO,海报怎么申请张贴？,如何张贴海报？,请至525办公室联系周小伟老师
通用/GAO,活动场地布置怎么申请？,活动场地布置怎么申请？,推送总务事件单
通用/GAO,办公用品领用,办公用品如何领用？,推送办公用品领用功能
通用/GAO,如何报修？,教室报修,推送办公用品领用功能
通用/GAO,如何找寻清洁？,如何找寻保洁阿姨？,推送总务事件单
通用/ETO,ETO办公室,ETO办公室在哪里,VMA522
通用/ETO,修改昵称,钉钉昵称怎么修改,依次点击“我的”―“设置”―“我的信息”―“昵称”
通用/ETO,建立群组,如何建立钉钉群组, 打开手机钉钉右上角“+”图标<br/> 选择“发起群聊”<br/> 搜索想要拉入群的人员―点击确定即可
通用/ETO,群设置,钉钉群设置在哪里,? 群主可在群里点击右上角“…”符号<br/>? 可直接设置群名称，使用群二维码邀请好友，打开消息置顶或免打扰，以及修改自己的群昵称<br/>? 点击群管理可设置群管理员，设置群禁言以及新成员可查看聊天记录等各种权限。<br/>
通用/ETO,公告查看及发布,"如何发布公告？
如何查看公告？",1， 进入工作台<br/>2， 点击公告<br/>3， 编写公告并选择所能查阅通告的人员或角色或部门。<br/>4， 发布公告。<br/>
通用/ETO,会议室预定,如何订会议室？,? 进入工作台（页面下方中间VMA图标）<br/>? 进入智能会议室<br/>? 点击预约会议室<br/>? 选择所要使用的房间以及时间<br/>? 预约完成可以通知参会人<br/>? 选择参会人或部门，点击完成<br/>
通用/ETO,会议发起,如何发起日程？,? 进入Ding（页面下方菜单DING图标）<br/>? 点击右下角+号<br/>? 发起一个日程<br/>? 输入相关会议信息，可选择会议室，参会时间和人员，以及上传相关附件<br/>? 会议发起人可提前打开会议点击签到。可手动点击人员签到或者投屏二维码由参会人员扫码签到。<br/>? 会议期间可在日程中找到会议并做会议记录。<br/>
通用/ETO,任务管理,如何建立任务？,? 进入Ding（页面下方菜单DING图标）<br/>? 选择日期可查看自己的日程<br/>? 可在右下角+号处添加任务或新的会议日程。<br/>? 每项任务可进去添加子任务或点击完成。<br/>
通用/ETO,文件上传及权限管理,文件上传和共享,? 打开钉盘<br/>? 选择“我的文件”―“上传/新建”创建自己分类的文件夹<br/>? 上传文件<br/>? 文件分享<br/>
通用/ETO,钉钉文档,"如何共享文档？
协同办公",1， 打开钉盘<br/>2， 找到需要创建文件的位置（如“我的文件”）<br/>3， 点击“上传/新建”<br/>4， 创建一个钉文档或钉表格<br/>5， 编辑表格内容―右上角可设置权限以及发送给其他人查看<br/>
通用/ETO,群文件管理,如何管理群文件？,1， 打开钉盘<br/>2， 进入企业文件“深圳市万科梅沙书院”<br/>3， 选择群文件<br/>4， 可管理群后方显示设置，点击群名进入文件管理<br/>5， 清理过期不需要的文件<br/>
通用/ETO,网络问题,如何连接网络？,"1， 检查是正否连接正确的WIFI源，（学生SSID：student 老师SSID：vma-teacher）<br/>2， 检查是否完成网络认证，使用浏览器打开认证页面：2.2.2.1去认证。（如无法打开，请关闭VPN, 请检查代理服务器，如果有则需要清除，另外请检查是否开启广告拦截功能，如已经开启,需关闭拦截广告功能），打开2.2.2.1后发现提示已经登录，则表示完成了网络认证；如发现打不开或是出现其它页面，则表示还没有完成网络认证，则需要先完成认证。输入你的wifi用户名及相应密码完成认证即可<br/>3， 自己完法完成的情况下打开钉钉工作台-审批-IT事件单，提交申请。至522找胡老师咨询处理。<br/>1. Check if you are connect to the proper WIFI (Students: Student; Teachers: VMA-Teacher)<br/>2. Check if you have completed online verification. Type in ""2.2.2.1"" at the URL bar, press enter, and complete the verification process. If the page shows you have already logged in, it means you have completed your onine verification. If the page cannot be openned, open the pages shows content other than the logged-in page, you need to complete the verification by keying in your username and password. (Please turn off your VPN, proxy server and Ad Blocker for this process.)"
通用/ETO,重置密码,如何申请重置密码？,"1， 打开钉钉工作台-审批-IT事件单，提交申请。<br/>2， 等待完成ETO会发送密码给你<br/>1. Dingtalk Workdesk-Approval-IT ticket and submit a application<br/>2. Wait for ETO's email, which will contain your password<br/>"
通用/ETO,重置Powerschool密码,忘记Powerschool密码怎么办？,"1， 打开钉钉工作台-审批-IT事件单，提交申请。<br/>2， 等待完成ASO会发送密码给你<br/>1. Dingtalk Workdesk-Approval-IT Ticket, and submit an application<br/>2. Wait for AZSO's emai, which will contain your password"
通用/ETO,软件安装,我需要安装软件。,"1， 打开钉钉工作台-审批-IT事件单，提交申请。<br/>2，至522找周老师咨询安装<br/>1. Workdesk-Approval-IT Ticket, submit an application<br/>2. Find Dean Zhou at 522 to have the software installed<br/><br/>"
通用/ETO,投影使用,如何连接投影仪？,"1， 检查网络是否连接正常(断开VPN连接)<br/>2， 打开Airplay，选择你所在的房间号<br/>3， 输入投屏密码<br/>（如遇到投屏黑屏的问题，请尝试重启电脑）<br/>1. Check if your device is connected to the Internet (please keep your VPN off)<br/>2. Turn on Airplay, and choose the number of the room you are in<br/>3. Key in the Airplay code shown on the projected screen (if you come across black screen, please reboot your laptop)"
通用/ETO,打印机安装,如何安装打印机？,"1， 打开浏览器，输入：yinxiangcloud.com/client/vma.html<br/>2， 下载你电脑系统对应的版本程序<br/>3， 安装打印机，（注意安装过程中有杀毒软件提示风险，请放心安装，安装完成后在杀毒软件中把安装打印机的目录设为白名单）<br/>4， 测试打印文件，输入打印机账号密码<br/>1. Open your browser and go to ""yinxiangcloud.com/client/vma.html""<br/>2. Download that app that fits your operation system<br/>3. Install the program (While you are installing the app, the antivirus might warn you about security risks. Please ignore it and complete the installation. After you successfully installed the program, please add the printer app to the white list of the antivirus software.)<br/>4. Now you may test if the app is working. Please know you are required to provide a username and a password in order to print. "
通用/ETO,邮箱客户端,如何配置邮箱客户端？,"1， 建议使用”邮箱大师”，大部份情况下，使用此客户端，不需要配置，只需用户完整邮箱地址及密码即可。<br/>2， 可以参考https://qiye.163.com/help/l-12.html<br/>1. We recommend ""邮箱大师"". In most cases, this mail client doesn't require any configuration other than your email address and password<br/>2. If you have any issues regarding mail client, please come to 522 for tech support."
通用/ETO,邮箱问题,其他邮箱问题,"1， 前往邮件帮助中心https://qiye.163.com/help/l-1.html<br/>2，如无法解决问题，请至522联系胡纯老师。<br/>1. Go to mail client help center https://qiye.163.com/help/l-1.html<br/>2. If you have any unresolved issues concerning your mailbox feature, please come to 522 for tech support"
通用/ETO,IT相关问题,ETO相关问题,联系电话：66618482<br/>办公室：522<br/>邮箱：ETO@vma.edu.cn<br/>Landline: 0755-66618482<br/>Office: VMA 522<br/>Email: ETO@vma.edu.cn
通用/CCO,CCO办公室,CCO办公室在哪里,办公室：VMA511<br/>邮箱：cco@vma.edu.cn
通用/ASO,课表是什么？,本学年的课表是什么？,"<div id=""se-knowledge""><p><img src=""//knowledgecloud.oss-cn-hangzhou.aliyuncs.com/kc/kc-media/kc-oss-1570775749891-3.2019-2020%20Daily%20Schedule%EF%BC%88EN%EF%BC%89%20(16939).jpg"" width=""2339"" height=""1653""></p><link rel=""stylesheet"" href=""//g.alicdn.com/ikc-fe/kc-editor-theme/pc.css""></div>"
通用/AO,2019-2020 校历,,"<div id=""se-knowledge""><p><img src=""//knowledgecloud.oss-cn-hangzhou.aliyuncs.com/kc/kc-media/kc-oss-1570775478098-2.2019-2020%20Calendar%20(32344).jpg"" width=""1653"" height=""2339""></p><link rel=""stylesheet"" href=""//g.alicdn.com/ikc-fe/kc-editor-theme/pc.css""></div>"
通用/AMO,衍生品商店开放时间,衍生品商店开放时间,每周一至五，中午11：30-12：30
通用/AMO,衍生品商店地点,衍生品商店地点,VMA篮球场旁地下Box
通用/AMO,衍生品购买方式,衍生品购买方式,1）关注“梅沙教育”公众号，注册，并进入“校园商城”下单，下单后24小时内，在商店开放时间段，前往商店取货。超过24小时未取货，订单将被取消 <br/>2）商店开放时间段内，前往商店扫码下单并取货（推荐）
通用/AMO,衍生品退换货政策,衍生品退换货政策,原则上，所购商品须于店内查验颜色、尺码、品质，离店后不允退换；如有特殊情况，确实出现尺码不合，质量问题等，请于7个自然日内，携完好包装到店退换
通用/AMO,校服,校服,校服正装为学校财务室统一收费，量身订制，不属于衍生品商店日常销售商品；校服常服衍生品店内有售
联系方式,校历,,"<div id=""se-knowledge""><p><img src=""//knowledgecloud.oss-cn-hangzhou.aliyuncs.com/kc/kc-media/kc-oss-1570774722427-2.2019-2020%20%E6%A0%A1%E5%8E%86%20201906018%20(7791).jpg"" width=""1653"" height=""2339""></p><link rel=""stylesheet"" href=""//g.alicdn.com/ikc-fe/kc-editor-theme/pc.css""></div>"
联系方式,梅沙书院联系方式,,"<div id=""se-knowledge""><p><img src=""https://knowledgecloud.oss-cn-hangzhou.aliyuncs.com/kc/kc-media/kc-oss-1570775043416-4.2019-2020%E4%B8%87%E7%A7%91%E6%A2%85%E6%B2%99%E4%B9%A6%E9%99%A2%E9%83%A8%E9%97%A8%E8%81%94%E7%BB%9C%E8%A1%A8(office%20information%EF%BC%89-%20(3293).jpg"" width=""3119"" height=""4414""></p><link rel=""stylesheet"" href=""//g.alicdn.com/ikc-fe/kc-editor-theme/pc.css""></div>"
联系方式,"SWC办公室,SWC联系方式","SWC办公室在哪里？
SWC电话多少？
SWC联系方式","SWC办公室在VMA525<br/>电话：0755-66618474,8475<br/><br/>部门邮箱：swc@vma.edu.cn<br/><br/>部门主任邮箱：lixianyao@vma.edu.cn"
联系方式,"CCO办公室,CCO联系方式","CCO办公室在哪里？
CCO电话多少？
CCO联系方式","电话：0755-66618488,8486,8487,8483<br/><br/>部门邮箱：cco@vma.edu.cn<br/><br/>部门副主任邮箱：chenxiao@vma.edu.cn"
联系方式,"ASO办公室,ASO联系方式","ASO办公室在哪里？
ASO电话多少？
ASO联系方式",电话：0755-66618463<br/><br/>部门邮箱：aso@vma.edu.cn<br/><br/>部门主任邮箱：maryannobrien@vma.edu.cn<br/><br/>
Teacher/GAO,如何报备人员出入？,访客如何报备？,推送访客出入校园报备.Visitors Registration
Teacher/GAO,学生离校如何报备？,学生报备？,推送访客出入校园报备.Visitors Registration
Teacher/GAO,总务相关,"如何调配桌椅？
食堂投诉
安保相关问题
物业相关问题",推送总务事件单
Teacher/GAO,校车使用,如何申请校车使用？,推送用车申请
Teacher/GAO,资产管理,"如何做资产入库？
如何申请资产/设备报废？
固定资产领用",请至525办公室联系艾文玲老师
Teacher/ETO,门禁权限申请,如何申请门禁权限？,"1， 打开钉钉工作台-审批-IT事件单，提交一个权限申请<br/>2， 等待审批完成即可<br/>1. Go to workdesk-approval-IT ticket, and submit an access application<br/>2. Wait for approbal"
Teacher/ETO,在线教学手册,如何使用在线教学？,请参考文档 https://www.yuque.com/docs/share/f814577c-a7ba-4ab1-8f6c-a4c296724248?#<br/>Please refer to the following URL for details<br/>https://www.yuque.com/docs/share/f814577c-a7ba-4ab1-8f6c-a4c296724248?#<br/>
Teacher/ETO,校卡丢失如何补办？,如何补办校卡？,"<div id=""se-knowledge""><p>1，至MBS509购买校卡<br>2，携带新买校卡至522办公室找刘洋老师申请权限<br>1. Go to MBS 509 and purchase a new card<br>2. Come to VMA 522 with the purcahsed card, find Christian Liu to activate the card<br></p><link rel=""stylesheet"" href=""//g.alicdn.com/ikc-fe/kc-editor-theme/pc.css""></div>"
Teacher/AO,考勤,如何打卡考勤,? 打开钉钉工作台（最底下VMA图标）<br/>? 点击“考勤打卡”<br/>
Teacher/AO,快速考勤设置,如何设置快速考勤,? 点击右下角“设置”<br/>? 设置“极速打卡”一般时间设置为上班：上班前2小时-上班后1小时，下班时间为：下班时间-下班后3小时。<br/>? 完成退出。之后每天早上进入校园打开钉钉APP即可自动上班打卡，下班16:40之后离开校园之前打开钉钉APP即可自动下班打卡。
Teacher/AO,考勤异常申诉,考勤异常如何申诉,"<div id=""se-knowledge""><p>? 打开工作台（最下面中间VMA菜单）<br>? 点击“补卡申请”。流程已设置好。<br>? 选择要申诉的日期，点击异常打卡信息下面的补卡。<br>? 填写适当理由并提交，注意提醒相关主任审批<br></p><link rel=""stylesheet"" href=""//g.alicdn.com/ikc-fe/kc-editor-theme/pc.css""></div>"
Teacher/AO,老师请假,老师怎么请假,? 进入工作台（最下中间VMA图标）<br/>? 点击“审批”，再选择“请假.LeavesApplication”<br/>? 选择请假类型<br/>? 选择请假时间及相关原因，如有图片附件可拍照上传。<br/>? 存在多个部门的同事请选择自己的主部门。<br/>? 如您同时兼任行政和任课老师，请在审批人处选择你的学科组长。<br/>? 提交申请并通知您的审批人及时审批。<br/>
Teacher/AO,社保、公积金,如何查询社保和住房公积金账户余额？,深圳市社会保险基金管理局 网站：http://hrss.sz.gov.cn/szsi/<br/>深圳市住房公积金管理中心 网站：http://www.szzfgjj.com/<br/>1. 快捷查询方式：进入支付宝APP--城市服务--社保查询/公积金查提，同时支付宝也开通了电子社保卡功能，绑定用户在支持电子社保卡的医院就诊时可以免卡支付。<br/>2. 详细查询方式：微信关注“深圳社保”--便民服务--个人业务办理---注册之后查询明细；微信关注“深圳市住房公积金管理中心”--了解公积金明细及提取、贷款等功能。
Teacher/AO,社保缴纳基数、社保缴纳比例,中教职工社保缴纳的基数和比例？,"<div id=""se-knowledge""><p>书院会根据员工上年度月平均工资，在每年8月份对社保和公积金缴纳基数进行调整，其中医疗保险为一档综合医疗，住房公积金缴纳比例为单位和个人各12%，具体的缴纳比例和标准以当年社保局和公积金中心发布的最新政策要求为准。</p><p><br><br></p><link rel=""stylesheet"" href=""//g.alicdn.com/ikc-fe/kc-editor-theme/pc.css""></div>"
Teacher/AO,金融社保卡,中教职工如何申请金融社保卡？,1. 前往就近的照相馆（书院附近照相馆附件图片指引）拍摄数码照相回执---获取“数字相片采集回执”条码编号<br/>书院附近照相馆具体地址：<br/>A.春光数码影像中心，地址：深圳市盐田区大梅沙村54-2号<br/>B.佳丽鑫摄影有限公司，地址：深圳市盐田区梅沙街道海星道20号心海假日公寓205<br/>2. 微信关注“我的社保卡”---“办理金融社保卡”---根据自己意愿选择一家发行金融社保卡的银行----填写个人信息并提交<br/>3. 线上申请审核通过后，大约需要30个工作日完成制卡（每个银行稍有不同，具体以银行规定为准）<br/>4. 线上申请金融社保卡后，领卡人必须本人携带身份证前往银行领取并在柜台进行激活，不可代领。
Teacher/AO,"教师资格证
注册继续教育网",持有中国教师资格证的教师如何注册继续教育网站？公需课和专业课如何选修？需要达到多少学时？,公需课（学时要求：18学时）注册及选课网址：深圳市教师教育网  http://www.0755tt.com<br/>专业课（学时要求：30学时）注册及选课网址：深圳市中小幼教师继续教育网  http://www.szjspx.com.cn/<br/>★选课前请认真阅读以下内容★<br/>1.依据文件要求，每学年公需课需达到18学时，专业课需达到30学时，请根据个人情况合理安排每学期选修学时。<br/>2.公需课和专业课本期培训同时开设“2014-2015”、“2015-2016”和“2016-2017”和“2017-2018”“2018-2019””课程的补修，补修课程名称前缀含有学年标识，培训结束后，相关课程学时归到对应学年。<br/>本学年专业课程前没有标注<br/>本学年公需课名称为“2019年深圳市教师继续教育公需科目”<br/>3.目前教育局印发的《深圳市民办中小学教师继续教育实施办法》文件中第二条规定　........本办法适用于全市民办中小学专任教师、中层管理人员、校长、举办者（以下统称民办中小学教师）的继续教育工作。...............<br/>未任课的行政教辅教师如有教师资格证书并且已经注册继续教育网站，建议也根据自己兴趣进行选修课程，谢谢！<br/>4、继续教育选课后由书院统一进行费用缴纳，无需个人缴费。
Teacher/AO,工作证明,如何开具工作证明用于旅行或商务出差？,请联系行政部人事专员发送专用模板，填写好个人信息后回复人事专员，由人事专员统一打印。
Student/VMAA,在VMAA入读后我还可以走国内的艺术高校路线吗？,就读艺术学院后可以申请国内的艺术高校吗？,VMAA的课程设计以海外升学为导向，与国内的普高课程是完全不同的体系，所以无法参加国内的艺术类高考，建议学生与家长仔细考量。
Student/VMAA,艺术生可以申请什么类型的学校？,"艺术生只能申请美术学院吗？
艺术生只能申请音乐学院吗？
艺术生可以申请综合类院校/大学吗？",只要符合意向的综合类大学的申请要求，是可以申请的。
Student/VMAA,艺术生的晚自习怎么安排？,"艺术生晚自习安排？
艺术生可以两节课都在VMAA晚自习吗？
G9艺术生晚自习安排？",1.艺术生晚自习同书院安排：19:00-21:00，中间无课间休息。在此期间，学生不允许就餐、不允许小组作业、不允许使用手机。<br/>2.G10-G12艺术生如有需要在工作室或琴房自习，在书院正常考勤完毕后，可向值班老师申请到艺术学院学习。<br/>3.G9学生的晚自习教室为VMAA 622， 如有需要在工作室或琴房自习，在正常考勤完毕后，可向值班老师申请。<br/>4.学生需保证学术和专业练习的两方面课业完成度，原则上建议每晚平均分配学术课作业和专业练习的时间。如遇到比赛或者期末，可视情况进行调整。
Student/SWC,学生请假,"怎么请假？
请假流程是什么？
晚自习怎么请假？
我是走读生，申请了在校晚自习怎么请假？
生病了怎么请病假？
我要参加考试怎么请假？
我要参加大学访问怎么请假？
我没有课了要离校回宿舍怎么办？
我现在没时间找科任老师签名，要紧急请假怎么办？
我要参加学校组织的活动或比赛怎么请假？
假期","<div id=""se-knowledge""><p>事假<br>1.学生打印请假单及课程表，至学生事务院长办公室(532)提出申请。<br>2.学生持课程表与请假期间所有涉及的科任老师沟通并取得签名(紧急请假除外)。<br>3.学生将请假单和科任老师签字的课程表交至学生健康发展中心。 <br>? 大学访问: 所有的访问都需要通过升学指导老师和学生事务院长批准.所有学生都必须提前一周办理请假流程。<br>? 考试以及比赛: SAT,AP ,TOEFL 等学术考试以及各类体育、艺术比赛。学校将允许学生申请考试或比赛当天以及往返路途(以票据信息为准)的假期，不允许学生为准备任何标化考试申请额外的假期。<br><br>病假<br>三天以内的病假：<br>走读生：走读生需要办理病假，必须由家长在早上8点之前邮件至学生事务院长办公室(邮箱:johnlarson@vma.edu.cn)申请。 <br>住宿生：住宿生需要办理病假，必须由家长向医务室(座机：66618471)申请。 <br>所有学生超过三天的病假，皆须向学生事务院长提出申请，且必须出示医生证明才能返校上课。<br><br>晚自习请假<br>住宿生晚自习事假：必须由家长在18:40前向生活老师(梅沙一号 66618477；天琴湾 25000923 ；盐体运动员公寓 25164265/22744262)提出申请。<br>走读生晚自习事假：学生在16:40前至学生健康发展中心(525)或邮件至swc@vma.edu.cn提出申请。<br>晚自习病假：必须由家长在18:40前向医务室(座机：66618471)提出申请。 <br><br>无课请假离校（以下两种方式任选其一）<br>? 学生在确认无课的情况下，于钉钉-VMA-审批-临时出校申请：输入出校时间、返校时间及出校理由，提交成功后必须于16:40前至525学生健康发展中心找陈燕静老师，陈老师与家长确认审批后即可离校。<br>? 学生在确认无课的情况下联系导师，导师与家长确认后报备离校。<br><br>公假<br>? 学生因参加学校组织的活动或比赛需要请假，可由活动负责老师统一办理公假。<br>? 活动负责老师需要和家长沟通确认，获得家长同意后方可申请。<br>? 若涉及外出的公假需要确保有老师陪同统一往返保证学生安全。<br><br>*紧急请假: 如果出现紧急事件，比如突发疾病等，请直接到学生事务院长办公室(532)或邮件至johnlarson@vma.edu.cn申请。</p><link rel=""stylesheet"" href=""//g.alicdn.com/ikc-fe/kc-editor-theme/pc.css""></div>"
Student/SWC,活动报备目的,为什么活动需要申请报备？,学校活动的有序开展是对全体师生学习生活的重要保障。明确活动目的和意义，整合活动学生信息是为了保证全体师生的活动安全。
Student/SWC,活动报备原因,"请问什么活动需要提交活动申请呢？
我申请活动可以不报备吗？
组织活动需要申请吗？
组织活动不报备可以吗？","学生健康发展中心致力于为梅沙学子提供丰富多彩的校园生活。学生活动主要包括：社团活动，社会实践活动以及第三方组织活动。所有学术类活动请直接获得学术院长同意。为了保证活动参与者的健康安全，以及活动的正常开展，以下类型学生活动需要按照活动申请流程提交申请：<br/>1.	涉及活动参与者安全，或需在专业指导下进行的活动需要提起申请<br/>2.	需要离校进行的活动需要提起申请<br/>3.	以学校名义参与或组织的集体活动需要提起申请"
Student/SWC,活动报备流程,"请问要怎么申请活动呢？
我应该跟谁申请活动呢？
我申请活动需要获得谁的批准呢？
活动申请有哪些流程呢？","申请活动仅需要完成以下三步：<br/>1.	完成《万科梅沙书院活动申请表》填写及获得相关部门负责人签字许可。<br/>2.	申请人提交所有活动申请材料至学生健康发展中心，获得审批同意。<br/>注意：参与人数超过十人或者需要离校的活动必须先填写表格获得学生事务院长的签字许可。<br/>申请人提交以下材料至学生健康发展中心，获得审批同意。<br/>1.《万科梅沙书院活动申请表》<br/>2.活动方案<br/>3.保险购买凭证（涉及离校活动必须给全体参与师生购买综合意外险）<br/>4. 外出活动安全责任书（涉及离校活动或在节假日活动必须提供）<br/>5.免责声明（涉及离校活动或第三方活动必须提供，当签署免责声明时，家长知情书可免去）<br/>6.其他必要材料<br/><br/>"
Student/SWC,活动报备材料,"请问活动报备需要哪些材料呢？
活动申请的表格哪里拿呢？
活动申请需要完成哪些表格呢？
活动申请需要填表吗？","1.	《万科梅沙书院活动申请表》<br/>2.	《活动方案》<br/>3.	《保险购买凭证》（涉及离校活动，全体参与师生需购买综合意外险）<br/>4.	《外出活动安全责任书》（涉及离校活动需提供）<br/>5.	《免责声明》（涉及离校活动或第三方活动必须提供，当签署免责声明后，《活动参与同意书》可免去）<br/>以上表格模板获取方式<br/>1.	活动申请流程图以及所有申请材料空白模板已经发送至全体同学以及老师的邮箱，请输入关键字“活动申请Q&A”查找邮件进行附件下载。<br/>2.	活动申请流程图以及所有申请材料空白模板已上传钉盘。请点击界面左侧“钉盘”图标，然后选择"
Student/SWC,活动申请时间,我们应该什么时候开始申请活动呢？,"1.	所有活动申请请在活动执行日前一月的15号前启动，并在活动执行日前一月30号前完成所有申请程序。（举例：活动时间为9月3日，活动负责人需在8月15日启动申请，8月30号前上交全部申请资料至SWC Room525）<br/>2.	如遇到不能履行正常申请流程的特殊紧急活动（政府活动，专业竞赛），比如活动准备周期紧张，请下载活动申请表直接获得学生事务院长签字，在活动执行日前补齐所有资料交至SWC Room 525。"
Student/SWC,社团概况,"书院现在总共有多少个社团？
书院有哪些优秀的、有意思的社团？","<div id=""se-knowledge""><p>2019-2020学年，万科梅沙书院更新注册社团有66个，涉及多个不同领域，包括学术研究，体育竞技，学科竞赛，公益环保，视听艺术等方面。在2018-2019学年，有14个年度优秀社团引领着梅沙书院的社团发展。这些优秀社团分别是潮・Tide杂志社、中国传统文化社、万科梅沙书院灵籁合唱团、VMA 航拍社、科技创新社、古典音乐社，以及获得最佳创作奖的VMA檐下履诗社、以及成立两年半就跻身模范社团之列的Future Insight Club （未来视角）等社团。</p><link rel=""stylesheet"" href=""//g.alicdn.com/ikc-fe/kc-editor-theme/pc.css""></div>"
Student/SWC,社团注册时间,"社团每年都会招新吗？学生如何加入自己感兴趣的社团？
如果学生想创建一个学校现在没有的社团，可以如何做？",万科梅沙书院每学年第一学期全校统一进行社团招新，其它社团成员招募活动由各社团自行安排，各社团可以按照自己的要求制定流程及面试要求。从2019-2020学年开始，我们将对部分创意优秀的候选学生社团进行补录。具体通知请直接前往VMA525办公室咨询学生健康发展中心老师。
Student/SWC,社团报名,"我应该怎么报名社团？
我什么时候可以报名社团？
我必须报名社团吗？
如果我不报名社团会怎样？",我们鼓励并要求所有的梅沙学子参与社团活动。社团在学生活动中是不可或缺的一部分，社团为学生提供机会去追求自己的兴趣、展现自己的智慧与热情，并为社区做出贡献。<br/>社团的茁壮成长一直是梅沙学子综合素质提升和丰富课余活动的重要表现。今年，书院在鼓励全体学生加入社团的同时，进一步规范社团管理制度，全力支持品牌社团的孵化。
Student/SWC,社团活动地点,"社团活动场地怎么找？
社团活动在那里进行？
社团活动地点指导老师可以帮助解决吗？
社团活动可以在校外吗？",社团需在注册时上交日常活动地点申请，学生健康发展中心根据人数和实际情况统筹安排。在社团活动时间内，社团对于教室拥有使用权，对于教室内的设备和清洁负责。如有违反，学生健康发展中心有权收回社团教室使用权。<br/>为保证师生的安全健康，如社团进行校外活动需由社团指导老师指导履行活动报备流程，完成校外活动的申报和保险购买后方可进行。
Student/SWC,社团活动时间,"社团活动时间是什么？
社团活动可以在课堂时间进行吗？
社团活动可以在晚自习吗？
社团活动必须要在PP1，PP2吗？",社团课一切要求同正常教学时间，所有社团必须在书院规定的社团活动时间为（周一至周四）PP1 15:30-16:40或者PP2 14:50-17:30内按照课程计划进行。主要活动集中在非教学时间段的社团，如公益、慈善、户外活动等性质的社团，需安排好每周工作。社团活动若需占用自习课、晚自习等时间，需提前向学生健康发展中心申请报备。
Student/SWC,社团指导老师,"社团有指导老师吗？
社团必须要指导老师吗？
社团要几个指导老师？
社团没有指导老师可以吗？",每个社团都有一名或多名专业指导老师。为保证社团质量，原则上每一位指导老师最多可以负责两个社团（该规则适用于校内规定时间的社团活动以及其它时间的所有社团安排）。<br/>另外，社团可聘请若干造诣较深或在某些方面有专长、关心学生社团活动的专家、学者或教师，担任指导教师、顾问，但必须报学生健康发展中心同意。
Student/SWC,社团leader,"社团leader需要做什么？
怎么才能成为社团leader？
社团leader可以有几个？
如果我想担任社团领袖，需要承担什么责任？",社团领袖指导着社团的发展。社团领袖应按照社团的目标召集、记录以及计划各项活动。社团领袖也有责任依照学校的规章制度建立他们的社团制度。每个社团必须有一个社团长，最多有两名副社长。
Student/SWC,社团运行规范,"社团需要考勤吗？
社团需要写报告吗？
如果我在的社团活动没有按时开展会怎样？",万科梅沙书院的所有社团归学生健康发展中心管理。为了更好的发展、管理和支持社团，特制订《万科梅沙书院学生社团章程》，以对社团成立、管理、解散、指导老师工作职责、违规处理与考核表彰作出详细的说明和严格的规定。以社团管理中的社团课考勤部分为例，每个学生需登记姓名、学号、舍堂、联系电话等个人信息进行备案，并由社团指导老师负责登记考勤。一学期内社员缺勤超过3次，将取消社团成员资格。每一名学生在该节社团课时间必须固定在一个社团进行活动。<br/>2019-2020学年，书院所有社团必须每个月上交一次月度报告，用于记录和总结社团阶段性的发展成果。同时，帮助各个社团梳理社团的成长规划。
Student/SWC,社团选择,"我可以注册几个社团？
如果我选了一个社团，但是后来不喜欢了怎么办？
我可以转社团吗？",我们希望每一个学生找到自己的热爱，如果真的通过实践和磨合觉得不适合，我们会在获得接收社团指导老师和社团Leader的许可后，协调同学加入新的社团。在此之前，学生需向原社团Leader提出离社，社团Leader向学生健康发展中心负责老师报备社团人员名单更改。为了确保社团发展质量以及学生学业与活动的平衡，学生在正式社团课时间需按照书院要求可选择两个社团进行报名。
Student/SWC,优秀社团评选,"优秀社团会受到表彰吗？
社团表现优异会有奖励吗？
优秀社团的评选标准是什么？",每年，书院会有独立的评审委员会COLA根据社团考评标准对社团进行多维度，全方位的考评，并依据考评结果对优秀社团进行表彰和嘉奖。2018-2019学年，推出了模范社团奖、最佳风尚奖、年度社团三大奖项。<br/>针对优秀社团的表彰，需在规定时间段，由社团提出自荐申请或由社团指导老师提名推荐，获得提名的社团上报材料至学生健康发展中心审核，最后报送院长审批优秀社团获奖名单。
Student/SWC,社团日,"我们的社团日活动是什么时候？
社团日一年有几次？
社团大型活动有哪些？",VMA社团日（VMA Club Day）是万科梅沙书院的一大传统。每年第一学期开学之际，书院将举办一场别开生面的社团展示会，为不同社团提供招新与宣传的平台。<br/>优秀的社团表演将会被邀请在书院月度集会、书院秋日嘉年华、新年音乐会等重要活动中一展风采。不仅如此，学校多个环境保护及社会志愿团体（蓝与绿社团，城市可持续社，回绿社以及青志协）积极参与践行可持续发展目标。“地球一小时”，“保护白海豚”，“背仔角净滩”等主题活动形式新颖，意义深远。
Student/SWC,社团注册条件,"我可以注册社团吗？
新社团如何注册？
社团注册条件是什么？","<div id=""se-knowledge""><p>书院的学生或老师具有发起社团的条件，发起者需完成社团章程制定，于每学期开学后的第一个星期，由社团主要负责人提交申请资料至学生健康发展中心审核。经审核通过后，可进行全校招新。<br>社团完成招新后，在规定时间内向学生会提交名单，经学生健康发展中心确认，社团注册学生社员数达到规定数量（10人或以上），则该社团获得书院正式认证。未达到社员人数要求及其它标准者，作为兴趣小组自行安排活动。</p><link rel=""stylesheet"" href=""//g.alicdn.com/ikc-fe/kc-editor-theme/pc.css""></div>"
Student/GAO,locker怎么申请报修？,locker怎么申请更换？,请至525办公室联系周小伟老师
Student/ETO,门禁权限申请,如何申请门禁权限？,1， 联系房间的负责老师<br/>2， 由老师进入钉钉工作台-审批-IT事件单，提交一个权限申请<br/>3， 等待审批完成即可<br/>1. Contact the person in charge of the room<br/>2. The person in charge needs to go to workdesk-approval-IT ticket and submit an access application<br/>3. Wait for approval 
Student/CCO,申请规划,"我需要从什么时候开始给孩子做申请规划？
申请规划怎么做？
怎么做申请规划？",学生的留学申请规划从高一阶段就已经开始，而我们升学咨询办公室的主要工作就是指导学生进行规划，帮助他们进入到理想的大学。具体来说，每个阶段会有不同的侧重点。高一阶段我们会引导学生进行自我探索，了解自己的专业职业兴趣所在。同时，会通过解读海外大学的录取标准，指导学生做好学术和非学术方面的准备；高二是持续探索的阶段，我们会通过系统的指导，帮助学生进行大学申请前的各项准备，包括专业、学校选择，文书准备，课外活动梳理等方面的内容；而高三会指导学生完成大学申请、入学确认及签证的各项事宜。家长要做的就是跟学校保持密切的配合，确保整个过程的顺利进行。
Student/CCO,能申请到美国前十吗,我家孩子想去美国前十名的高校，你们能做到吗？,梅沙的升学咨询团队背景非常多元，团队里的老师也曾指导学生进入到美国前10或英国的牛津剑桥这些世界顶级名校。美国大学的录取是对学生的学术表现、课外活动、标化考试、申请文书、推荐信、面试表现等方面的一个全面评估，前10 的高校也是通过这些方面来考量学生。升学老师的专业性很重要，但是更重要的还是学生自身的学术和非学术表现。
Student/CCO,申请材料清单,申请时需要哪些材料？会有材料清单吗？,都会有的。升学咨询办公室会在申请季开始之前给各位家长和同学发送材料清单，方便各位家长和同学对照列表准备材料。申请各个国家的学校需要准备的材料有一些差别，但是大致包括：中学阶段的成绩单、一到三封推荐信和其他文书；家长方面也要准备财产证明等文件。
Student/CCO,申请评估过程,"提交给学校的个人申请的评估过程是怎样的？
招生官怎么审核材料？
招生官如何评估学生？
招生官评估流程？",想了解这个问题，我们首先要了解招生办公室里由什么人组成。一般来说，一个招生办公室里，会有不同级别的招生官，他们会在申请季开始之前走访各地的高中，给优秀的学生留下印象，以便在申请季的时候争取到更多生源。对于有的学校来说，他们在申请季时会组成一个组委会，做出录取和拒绝的决定。<br/><br/>具体来说，在申请季的时候，我们的组委会一般会有三轮筛选：<br/><br/>1. 各个学校派出的区域招生官会阅读TA所负责的区域的申请材料，做出首次推荐；<br/>2. 被推荐的学生会被另外一个招生官审阅一次，并给出建议，返回给1的招生官，再次考虑并推荐（部分学校没有这一步骤）；<br/>3. 被推荐的各个区域的学生（亚太、北美等）的申请材料会被汇总到大学的招生办公室被集中评审；<br/>4. 大学会根据今年学校列出的招生名额和规则从各个地区录取满足条件的学生<br/><br/>――组委会――区域招生官――组委会――决定。我们已经组织家长做过一次模拟录取，如果家长需要，我们可以再次举办类似的活动，让家长直接体会录取过程。
Student/CCO,申请其他国家,"梅沙书院的学生可以申请其他国家的学校吗？
可以申请非美吗？
可以申请美国以外的国家吗？
可以申请英国吗？
可以申请加拿大吗？
可以申请澳大利亚吗？
可以申请日本吗？
可以申请新加坡吗？",是可以的，我们学校采用AP课程体系，这个课程体系是被主流留学国家所认可的；而且为了满足不同学生的特点和需求，梅沙书院接下来也会开办A-Level课程。
Student/CCO,申请系统,"学生申请通过什么系统？
申请系统有哪些？","不同国家的申请系统有所不同，拿几个主流国家举例：美国大学常用申请系统为CA, CAAS，还有些学校使用独立的申请系统，如加州德州的学校等。英国大学申请统一使用UCAS, 加拿大的学校大多是在各自学校的官网上进行申请，而安大略省的学校有独立的申请系统。"
Student/CCO,外国大学知道梅沙书院吗,"外国大学听说过梅沙书院吗？
国外大学听说过我们学校吗？",当然知道，对于梅沙书院来说，国外的大学大概分为三个类别：<br/>已经跟梅沙书院建立了良好的关系的大学：这些大学每年都会来梅沙书院访问，见见学生，跟孩子们面对面聊聊。因为彼此的熟悉，这些大学的招生官还可能会直接在梅沙书院举行面试，甚至发放口头录取。这对于那些目标明确，且有一些准备的学生来说，是绝佳的机会。芝加哥艺术学院这几年都会在VMA发放口头录取，多名学生都可以得到学校的青睐。这不能不说是申请季的强心针，可以极大提升学生的信心，减轻申请季的焦虑。<br/>有定期走访但还未建立起紧密关系的大学：这些大学录取率往往很低，愿意多接触学生，但在做决定方面有些迟疑。这是可以理解的，因为申请和录取本来就是一个层层往上，甚至略有主观的过程。这些学校的区域招生官，能做的也只是在跟他们想要的学生有了初步了解后，把学生的材料推进到下一轮评审――可是下一轮评审走势到底如何，区域招生官也并不一定知道。对于学生来说，如果想要申请这些学校，如波士顿大学，面对这类学校的招生官的时候，一定要有充分的准备（至少要把简历准备好），且勇于交流，展示自己的表达能力和综合素质。留下印象是重要的第一步，因为对熟悉的人事抱有好感是人之常情。<br/>还没有来过梅沙书院，且近期不太可能来的大学：这些大学基本就是我们口中的”藤校“了，这些学校基本在中国区只会去三个地方：北京、上海和香港，因为不管我们是否愿意承认，这三个城市可能集中了最多中国的顶级学生。但这些学校也都听说过梅沙书院，因为每年都会有学生申请藤校，而申请的时候，我们会一并把学校的简章寄送给大学。升学知道办公室的意见是，如果这些大学在中国的其他城市举办大学招生宣讲会，有条件的学生应该积极参加，去了解大学想要寻找什么样的学生，甚至跟招生官面对面聊聊，获得对学校的一些更加私人化的了解，帮助自己做进一步的判断。<br/><br/>梅沙书院每年会接待200来所大学的访问，这个数字只会随着梅沙书院的发展变得越来越大，来访的学校质量也会越来越高。每一个从梅沙书院走出去的学生，他们的发展和学业表现都会成为大学长期考察梅沙书院的因素，因此，在校的学生要努力提升自己的申请竞争力，已经毕业的学生也要在大学里好好表现，为学校树立良好的而形象，进而为师弟师妹创造更多机会。
Student/CCO,为什么撤销录取,"什么情况下有可能会面临大学撤销录取呢?
为什么大学会撤销录取？
大学怎么会撤销录取？
撤销录取条件？",1.学生成绩严重下滑。何谓严重下滑，如果你是一个A学生或者90+分的学生，你在高三一些学科取得的成绩是B或者80+分，这大约不算是严重下滑的情况；如果一个A学生或者90+分学生，在很多高三学科中出现了C或70+及以下的成绩，这就会比较危险。如果仅仅是单科，问题则不大。其他层次的学生以此类推。<br/><br/>2. 学生成绩在高三学科出现了不及格，这也很危险，尤其是主要学科。<br/><br/>3. 学生在申请时所列出高三在修的课程发生了重大变化，比如，原本选择了更高难度的AP课程(不是考试)，结果转而选择了一些更为轻松的非AP课程，如果这样课程变化较多，也是比较危险的。或者是原本列出了5门课程，结果却中途放弃了一些课程，变成了3门或者更少。因为大学录取你时，最后一年所修课程也是考虑因素之一。<br/><br/>4. 拿到录取信之后，就不再查阅大学后续提醒补交材料的邮件或者通知，而错过了重要的信息或截止日期。<br/><br/>5. 在高中最后一年出现了重大违纪、甚至违法事件(高中升学咨询顾问或咨询师须如实向大学汇报该情况)。<br/><br/>6. 无论因为何种原因，未能成功拿到高中毕业证。<br/><br/>7. 大学在后续过程中发现学生的申请材料涉嫌造假。
Student/CCO,EA、ED、RD区别,EA、ED、RD、Rolling有什么区别,"EA 和ED 是早申请的两种形式，EA 是指Early Action, ED 是指 Early Decision, 它们的共同点是截止日期基本相同，一般为11月初， 差别在于 EA为非绑定录取，可以同时申请几所学校的EA, 而且拿到录取通知可以不去，但是只能申请一所学校的ED， 拿到录取通知必须要去。RD 为Regular Decision 常规申请，非绑定，截止时间一般是1月底或2月初，一般在截至时间之前递出申请即可。Rolling 指滚动式录取，没有明确的截至时间，收到申请后4-6周左右做出录取决定，随申随录，录满即止。"
Student/CCO,什么是好文书,"好文书什么样？
什么能算作好文书？",真实的，情感充沛且饱满的，能感染人的，深刻的，逻辑清晰的，主题明确且突出的，有趣的。
Student/CCO,怎么写文书,"怎么写一篇好文书？
如何写文书？
怎么写文书？","留学文书写作大致分为三步：构思――创作――完善。<br/><br/>1. 构思：你想展示什么? 这往往是最花时间的一部分，也是最容易让人感到挫败的一步。<br/>想要知道如何构思，我们就要从申请文书的目的和作用着手。留学文书其实就是你个人的广告，因此要做到重点突出，形象鲜明。它的唯一目标即是展示你自己，让看到文书的招生官相信你就是他们想要的人才。因此，我们需要围绕着自己去开展头脑风暴，聚焦于几个问题来指引自己：""我是谁""、""我能提供些什么""、“什么对于我来说最重要”、“我都为我的信念做过哪些事”、“我的重大经历之间是否有内在的，我从未洞悉的联系”、“我想成为什么样的人”等等。<br/><br/>2. 创作。<br/>再好的想法如果不能被充分地表达出来那也是枉然。招生官只能从书面材料来对你的学识、人品和语言能力进行判断，而你也只能以书面的形式来表现和证明你自己。你和他们之间沟通的唯一媒介就是写在纸上的文字。所以我们要在创作的时候，把自己真挚地展露在读者面前、踏踏实实地讲好一个故事。申请季的时候，招生官工作繁重，状态疲惫，且没时间也不想读长篇大论，所以，我们要在创作的时候努力让文章不无聊，留下一些记忆点。在这时，适当使用一些写作技巧是比较有效的提升文本素质的方法。<br/><br/>3. 完善。<br/>要相信一篇好的essay一定是改出来的，而非单纯写出来的。AO通常并没有太多时间来看一篇文章，因此提升文字阅读的愉悦感一定可以帮助你的内容更易于被接受。原则上，建议使用简洁有力的文字进行阐述，即尽量减少使用形容词，改用动词。西方文化对动词的热爱简直无与伦比。我们除了关注文字细节上的质量，也要在修改的时候反复打磨文章的内在逻辑，思想高度和段落间的结构和层次。"
Student/CCO,招生官在文书中寻找什么,"招生官怎么看文书？
招生官看文书中的什么？
招生官想在文书中寻找什么？",招生官在主文书里和在补充文书里寻找的东西不尽相同。<br/><br/>1. 是什么令你与众不同？学生在申请过程中面临着众多拥有相似成绩的申请者的竞争。因此，学生的文书（亦或个人陈述）是其从中脱颖而出的机会。这是学生谦逊地“吹嘘”自己经历的机会。招生官希望看到超出传统教育的不同寻常的东西，例如：志愿者工作，一段旅游或者战胜困难的个人经历。学生需要确保挑选一个特别的经历来书写，千万不要拘泥于成绩，因为学习对于一个学生来说已经是生活中的大部分了。<br/><br/>2. 你会写作么？（你是否擅长书写）在大学里，学生会花费大量的时间在写作上。学生的文书表现了学生作为一个作者的洞察力。写作在很多学术领域是一项重要的技能。无论是在写电子邮件或者是写报告的时候都需要运用到写作技能。学生的文章需要用良好的结构和语法来组织，并且不能有语法和拼写错误。此外，学生的文章还必须有意义并且吸引读者。学生的文章需要和学生说话的方式相吻合。如果你说气话来像一个聪明的18岁学生，那你需要使用一个18岁学生才会使用的词汇。学生在文书中并不一定需要尝试使用SAT词汇。<br/><br/>3. 你会为你的集体做出什么贡献？大学越来越重视学生身上所体现出的文化多样性。如果是国际学生，简单地告诉招生官你来自哪里是远远不够的。他们更加关注你怎样将你的文化融入你的集体中去并分享给其他同学。这点和你如何显得特别是密切相关的。学生需要详细的描述你的文化经历和你将会如何在校园里、集体中分享他们。<br/><br/>写大学个人申请不是拍电影而是拍广告。招生官阅读一篇个人申请所花的时间大概和看一个耐克公司的广告一样长。大家喜欢看耐克公司的广告，究其原因不是因为他们花数年的时间来找到最好的素材，而是因为耐克广告里有大量的近镜头特写和运动员流的汗――这就意味着这个广告，也就是你的文书，信息要足够集中，你所传达的观点要足够鲜明。所以我们要做的，是让招生官能听到，看见，触摸，品尝甚至闻到你所代表的世界―― 不是整个的世界，而是其中的一个小角落。让一个时刻表达一个更高的意义。就像诗人所说的，用一粒沙代表一个世界”。
Student/CCO,推荐信在申请过程中的意义和重要性,"推荐信重要吗？
推荐信多重要？
推荐信在申请中占的比重大吗？
推荐信在申请中重要吗？",虽然不是所有的美国大学都要求提交推荐信，但是对于要求提交推荐信的大学，推荐人的评价在大学评估申请者的过程中是非常重要的参考因素。推荐人对申请人的学术能力、个性特点、学术兴趣的评价对于帮助大学全面了解申请者有非常重要的参考价值，越是录取难度大的学校，推荐信的作用就愈加重要。
Student/CCO,怎么寻找适合写推荐信的老师,"怎么找推荐信老师？
推荐信老师如何选？
找推荐人的原则？",寻找推荐人的原则：1. 跟学生接触时间长，对学生非常了解 2. 在某门学科有非常突出的表现，学术成绩优良或在学习的过程中取得过重大进步 3. 与自己将来想申请的专业方向相关4. 最好是文科理科兼具 5. 跟自己的Counselor 讨论，最终确定人选
Student/CCO,成绩单可以改吗,"成绩单是不是可以更改？
成绩单能修改吗？",不可以，且没有商量和谈判的余地。<br/><br/>首先，梅沙书院的成绩单代表了梅沙书院作为一个向全世界输送优质学生的学校，需要对自己的学生品质负责。<br/>其次，修改成绩单违背了一些最基本的原则：公平和诚信。如果信息可以隐瞒，那么可以被隐瞒的就不应该只是那些看上去不好的信息，好的信息也应当一起被隐瞒。<br/><br/>对梅沙书院来说，公平和诚信是立命之本。我们建立了严苛的学术标准，建立了良好了社会和国际声誉，成绩单的分量就会越重，这带来的最直接的益处就是：学校知道了VMA的可靠，也就更愿意相信梅沙书院的学生。这就给了咱们学校的学生一些竞争优势，这积累下来的口碑可以让我们的学生带着更有公信力的成绩――甚至可能是更容易地――进入知名学校。
Student/CCO,成绩单上有什么信息,成绩单上都会有什么信息？,成绩单上会有该学生修过的所有课程，课程等级难度，以及这些课程的最终分数。分数以学期为单位，呈现在成绩单上；<br/>成绩单上也会按照学期到学年的顺序，汇总展示三年的成绩；<br/>成绩单上会有两个分数，加权成绩和未加权成绩。<br/>成绩单上会解释各个成绩等级所对应的具体分数；如A+对应4.3，A对应4，A-对应3.7
Student/CCO,成绩单申请,"如何申请梅沙书院的成绩单？
梅沙书院成绩单申请政策？",只有学生本人或者学生的法定监护人可以申请开具该生的成绩单。学生的信息和成绩记录不允许进行任何省略和更改。为保障万科梅沙书院成绩单的诚信度和对所有学生的公平性，学校各部门都会严格执行这项政策。<br/><br/>为了使成绩单的申请更加便捷，即日起学生可以直接在我校的即时通讯系统“钉钉”上申请成绩单。成绩单包括如下种类：官方成绩单、转学/夏校成绩单、签证成绩单、非官方成绩单、当前学期期中报告。其中，只有非官方成绩单和签证成绩单可以交给学生或学生的法定监护人，其它种类的成绩单都是由升学咨询直接发送给大学、或其他高中。<br/><br/>请注意：成绩单的开具需要5个工作日。周末、寒暑假及学校节假日均无法受理成绩单申请。请同学们一定计算好申请截止日期提前申请成绩单。如果需要邮寄成绩单，请额外预留3个工作日的邮寄时间。<br/><br/>成绩单的申请只需三步：<br/>1、 学生打开钉钉的“审批”功能<br/>2、 找到“学生成绩单申请”<br/>3、填好并且提交给自己的升学咨询老师，即完成了成绩单申请<br/><br/>如果需要邮寄成绩单，请联系自己的升学咨询老师交快递费。目前DHL快递定价为北美地区197元，澳大利亚是182，欧洲地区208，日本116元。一般可在3个工作日之内寄到。<br/><br/><br/>如有任何问题请至511升学咨询办公室咨询。
Student/CCO,需要初中成绩单吗？,"申请的时候要提交初中的成绩单吗？
要多少份？
开初中成绩单是否有流程？
初中成绩单有什么要求？",申请时学生需要提供初三（九年级）成绩单。以下为开具过往成绩单的要求：<br/>1. 成绩单上须显示学生的姓名、出生日期、在原学校的在读时间（何年何月至何年何月）。<br/>2. 成绩单上须至少显示学生9年级上、下两学期的在校成绩（非中考分数）。<br/>3. 成绩单的备注中须注明所学科目的满分分数。<br/>4. 成绩单抬头处须显示学校全称，落款处须显示原学校的学校全称、地址、电话及成绩单打印日期。并加盖原学校的公章或教务章。<br/>5. 成绩单上所有信息须以中英文显示。如原学校无法提供中英文成绩单，请发电子邮件至升学咨询老师邮箱寻求帮助。<br/>6. 须至少开出两份（建议五到十份）成绩单。将成绩单封在原学校的官方信封中，并在信封两端封口处盖章。如原学校无官方信封，则使用普通信封也可。
Student/CCO,升学咨询办公室职能,"升学咨询办公室的主要职能是什么？
升学咨询有什么用？
升学咨询办公室作用？",升学咨询办公室的主要职能是帮助学生在升学和申请的道路上助一臂之力的非学术部门。它的职能有专业的一面，但也有综合的一面，总的说来，升学咨询办公室的职能主要包括<br/><br/>1. 跟学生建立紧密的联系，了解学生的总体学习状况、学术优劣势、活动表现等等；这样做的目的是为了能够在学生需要的时候，根据他们的具体情况，给出大体方向上的建议――应该选择什么样的课程、什么样的活动――以保证在最后一役时，学生的申请能体现出内在的逻辑一致，增加录取几率；<br/><br/>2. 跟家长保持联络，让家长多了解跟升学相关的、来源可靠的、专业准确的信息，从家长这方面，引导他们为申请做好准备。家长时常为孩子升学的焦虑所困扰，且容易互相传播焦虑情绪和不一定准确的信息，当这种情况出现，家长们会有成倍的焦虑，而且会把这种心理状态传递给孩子，增加孩子的心理负担。升学咨询办公室有专业且经验丰富的升学咨询老师，是为家长们答疑解惑、缓解焦虑的地方。<br/><br/>3. 基于对学生具体情况的掌握，在申请时写出对申请有积极影响的推荐信。<br/><br/>4. 在申请前期，培训学科组老师撰写推荐信。<br/><br/>5. 从高一开始，通过“升学咨询课”，辅导学生了解跟升学相关的重要信息，培养学生自我认知的意识、反思生活经验的习惯、搜索与专业、学校和职业相关的信息的能力。同时，课程还会涵盖申请过程中申请平台的填写和使用、如何撰写文书，以及面试培训等等的内容。通过长期的信息层面和能力层面的覆盖，帮助学生在高中前两年就开始积累关键信息，供申请时使用。从这方面来说，升学咨询办公室的参与贯穿了申请前、中、后的各个阶段，因此家长也不必要再从校外寻找第三方机构包办申请。<br/><br/>6. 跟外教联合运作“写作中心”，帮助学生提升文书的语言质量，保证申请文书中试图表达的信息能够跨越文化障碍，被充分传递。<br/><br/>7. 跟世界各地的大学保持联系，参加跟招生和升学相关的会议、接待来访的招生官，以及承办跟招生和升学相关的活动。通过这一系列的活动以及跟招生官的互动，升学咨询办公室可以获得许多有价值的新信息，如招生倾向或新趋势等――而这些信息往往还没有被发布出来。<br/><br/>8. 筛选市面上有价值的、含金量高的活动，推荐给有需要的学生参加，帮助这些学生更好地开发和证明自己的潜能，增加自己被名校青睐的几率。<br/><br/>9. 申请时为学生邮寄官方成绩单。<br/>10. 组织跟升学和申请相关的家长讲座或论坛，集中答疑。<br/><br/>11. 针对学生和家长的疑惑和认知盲区，定期举办有关标准化考试（托福和SAT）的知识讲座，尽量让大家在准备考试或选择机构时少走弯路，把钱用在刀刃上，提高备考效率。
Student/CCO,梅沙书院的升学咨询办公室有什么不同之处,"梅沙书院的升学咨询办公室跟其它学校比有什么不同之处？
梅沙书院升学咨询的特别之处？",梅沙书院有全球规模最大的升学咨询办公室之一，一共有16人。在绝大多数学校，升学咨询和学生的配比会超过1:100，但梅沙书院的升学咨询办公室会把申请年级这个比例控制在1:20。而构建起这么大的升学咨询办公室，自然有更深层的原因。<br/><br/>实施学生为本的理念。梅沙书院试图通过打造一个高标准，有经验且专业的升学咨询团队，为刷新行业标准尽一份力。身为教育者的梅沙团队，深深知道师生配比太不均衡会给学生升学造成什么影响。学生需要关注，而只有一个有足够多人的升学咨询办公室，才能够做到关注每一个学生。<br/>对教育理想的践行。教育是一个缓慢优雅的过程，不是一蹴而就的短跑比赛，更不是不顾后果的揠苗助长。如果准备不踏实，过程不丰满，那些被亏欠的部分总会以这样或那样的形式在学生今后的学习和生活中找上门来。我们关注的是过程，对于结果的态度是期待与等待，因为我们相信，如果过程走得踏实，好的结果只是必然。造访过许多学校，也了解过许多申请机构，常出现的情况是当事人以申请到某个学校为目标，从而指导过程，这样的理念和行事哲学往往会忽略学生的热情和兴趣，伤害甚至抹杀学生作为“人”的需求。梅沙书院并不粗暴干涉学生的发展，相反，我们愿意用陪伴的心态去跟学生一同健康成长，引导学生发现兴趣、获得进步的内驱动力，从而引导学生做出最适合自己的选择。
Student/CCO,需不需要找中介,"需不需要去找外部的申请机构指导孩子的留学申请？
需要找中介吗？",1. 不可否认的一点是，在梅沙创校的阶段，梅沙书院的升学咨询办公室远不如现在壮大，在帮助学生的过程中有许多方面做得不够细致；在聘用升学咨询的时候，也并未考虑周全，使用了不懂中文的外籍人士。但现在这一问题已经解决：我们的升学咨询均从海内外顶尖院校毕业，外籍老师都具有双语能力――事实上，我们已经把双语能力，当成了招聘外籍人士的门槛。这14名升学咨询是办公室的全新动力――他们都有丰富的行业经验，可以从升学各个方面帮助学生。<br/><br/>2. 波纹效应。学生和家长在面对升学时，因为处在信息流的末端，在获得信息的时候往往不能及时分辨信息的真假与准确程度，这首先导致了非官方的，甚至是虚假信息的传播。这些信息被扩散的结果，就是那些附带在信息上的情绪也被发散了出去。人们往往会找所谓的“前辈”来“取经”，所以高二的家长会向询问高三的家长询问情况。考虑到年级跟年级之间的紧密联系，家长与家长之间的频繁沟通，有些因为上一年的问题而产生的态度和观念，就容易被传递给下一届家长。<br/><br/>3. 观念转变需要时间。在国内，找第三方机构帮助申请――不管是何种方式，但一条龙全包式服务占多数――早已成为大家习惯的事情。人是屈从习惯的，更有从众的心理：别人找，我不找，似乎有矮人一头或吃亏的心理暗示。毫不夸张地说，留学从开始显露出成为趋势的苗头的时候，找机构就成为了惯常做法。我们甚至会认为“一分钱一分货”，不要钱的辅导和咨询质量不高。可是事实是，咨询和辅导并不仅仅需要专业知识，在专业知识背后，最根本的，其实是对学生的关怀。升学咨询办公室的老师们都是一群热爱教育不吝惜对学生的关怀的年轻人，当然是打破惯常思维的鲜活例证。升学咨询办公室愿意用行动证明对学生的关注和在乎，用了解帮学生做出最适合自己的选择和决定，也帮助家长逐渐转变观念，让诸位意识到学校其实是可以信赖和依靠的。                                                    
Student/CCO,升学咨询课作用,升学咨询课是什么？有什么用？,升学咨询课的出现是必然，它是升学咨询办的老师们结合多年咨询经验和自己研修的升学咨询课设计出的一门课程。它的构建逻辑和目的，是从升学的前、中、后三个阶段，全面覆盖学生在升学和申请领域的认知和技能需求。课程的时间跨度也长达三年。<br/><br/>高一：带领学生从宏观上对升学和申请形成全面的了解，建立自我认知和剖析的意识，初步获得搜索信息，完成决策的能力。在这一年中，我们的课程主要涵盖以下几点：性格与职业倾向测试、课程设计、学术及课外活动介绍、参与原则与建议、个人档案建立和简历撰写、不同国家教育体系差别、专业类别介绍、如何了解一所学校、文书类别介绍、文书写作。每一个部分都会有相应的个人或小组作业，如果学生能完整跟下来，高一结束就会对申请这件事有大致了解。<br/><br/>高二：在高一全面了解申请的基础上，深入引导和辅导学生完成申请中最重要的准备工作，带领学生解决申请中会出现的操作问题，为高三申请打下基础。高二的课程内容包括性格和职业倾向倾向测试，了解学校及选校、申请平台介绍和填写、文书写作及修改<br/><br/>高三：带领学生处理Offer以后的信息和培训：如何社交、就医流程、烟酒大麻、性与性别、行前准备等等
Student/CCO,职业性格测试,你们的性格倾向测试是怎么回事？如果我小孩两次测出来结果不一样怎么办？,就在不久以前，国内都不太有“生涯规划”的概念。这一套新鲜的体系，目的就是为了让每个人在自我探索和职业发展的道路上少走弯路。而做出适合自己的选择，前提就是要了解自己――我是内向型人格还是外向型人格？我更喜欢处理事实信息还是从一堆信息中提取和抽象出规律？我是喜欢指定计划还是执行计划？我更喜欢遵守规则还是探索可能？我们对这些维度一定会有些感性认知，可是感觉在很多时候会骗人，如果我们带着不准确的认知做人生的决策，试错的成本很可能会很高。因此，在这样的背景之下，性格倾向测试就显得很有必要了――它能帮助我们建立对自己的更清晰的认知。<br/><br/>两次结果不同很正常，因为测试的过程会受到很多主观因素的影响，并不影响我们的规划。性格测试结果的改变可能影响以下几点：<br/>活动设计<br/>专业<br/>学校
Student/CCO,活动少影响申请结果吗,"我的孩子没有那么多活动，对申请有什么影响？
活动不够对申请有什么影响？
没那么多课外活动可以吗？
课外活动少影响申请吗?",大部分美国大学的录取采用holistic review，即综合评价的方式。评价内容包括学术成绩、英语能力、标化考试成绩、个人文书、教师推荐信、课外活动等方面。所以，活动固然重要，但只是申请材料的一部分。不同学校对于”活动“在申请中的比重不一样，不能一慨而论。
Student/CCO,要参加高大上的活动吗,我的孩子课外活动不出彩，怎么办？我一定要参加许多高大上的活动吗？,大学申请是一个全面评估的过程，课外活动只是评估中的一个方面。大学希望通过课外活动了解申请者的学术兴趣，个性特征以及综合能力等不同的方面，进而判断这个学生能为自己的学校带来什么，是不是自己学校所需要的学生。参与课外活动很重要的原则是学生真心喜欢，并且投入时间精力展现自己的热情，在持续参与的过程中获得成就或个人成长是大学希望看到的，而不是刻意去做市面上所谓的“高大上”的活动，
Student/CCO,招生官看活动,招生官在活动里寻找什么？, 学术兴趣、能力、天赋特长、个性特征、成熟度等
Student/CCO,领导力在活动中,"领导力在申请过程中是什么地位？
领导力重要吗？
必须有领导力吗？",领导力是很重要但有时它的重要性被过分强调了。大学的录取是非常多元的，学生也不是一个模式的。
Student/CCO,活动何时规划,"活动需要提前多久做规划呢？
活动什么时候开始做？
如何规划活动？",我们会指导学生在高一就开始进行课外活动相关的探索。
Student/CCO,竞赛与申请的关系,"竞赛中的奖项与大学申请的关系是怎样的？
竞赛在申请中重要吗？
申请看竞赛吗？",竞赛获奖是学生学术活动成果的体现，能体现出学生在某方面的突出能力，对于大学申请是有帮助的，但大学申请是一个综合评估的过程，学术活动表现只是考量的一个方面。
Student/CCO,高一要有方向吗,"一定要在高一有明确的方向吗？
什么时候要有明确的方向？",学生不一定要在高一就有明确的方向，高一是学生探索发现自我的阶段，学生可以对自己感兴趣的课程或课外活动进行尝试，通过尝试来发现自己真正感兴趣的方向。
Student/CCO,高二要有方向吗,高二了也没有明确的专业方向怎么办？,"事实上，到了高二也还没有明确方向的学生也有不少。家长可以通过孩子在高一阶段的学术成绩及做过的课外活动，跟他一起分析他的优势和强项。在此基础上，跟孩子一起探讨一些比较适合他的方向。如果家长对此了解不是很多或是不确定的情况下，可以求助孩子的升学咨询, 获得专业的指导和帮助。"
Student/CCO,没有专业方向是否影响申请,没有明确的专业方向，申请的时候会受到影响吗？,"没有明确的专业方向对学生的大学申请没有太大的影响，事实上，美国大学是允许学生不定专业来进行申请的，学生在申请的时候可以选择 ""Undecided"". 美国大学的大一和大二阶段还是以通识课程为主，绝大多数学校允许学生在大二的时候把专业方向定下来即，这就给了学生充分的时间来最终确定自己专业方向。"
Student/CCO,转专业容易吗,"美国大学好转专业吗？
美国大学转专业容易吗？
美国大学转专业难吗？",专业转换的难度主要还是取决于学生就读的学校。如果学生就读的是文理学院，转换专业非常方便，因为学生不会被分配到不同的学院中。但是不同的专业也会有不同的毕业要求。如果学生就读的是综合大学的话，视学校的情况而定。一般而言，学校大热的学院或学科都是比较难转的，其他相对会好一些。举例来说，华大西雅图的计算机专业还有纽大的Stern商学院都是非常难转进去的，但是乔治城的四个本科学院相互之间转换就很容易。涉及到具体学校的情况，建议跟之前已经就读该校的校友进行请教或跟Counselor进行讨论。
Student/CCO,备考托福,如何复习托福考试？,阅读<br/>一般来说，中国考生的特点是英语书面能力较强而实用能力偏弱，对应到托福中就是阅读和写作可能相对会考得更好一些而听力和口语有时候就不太理想了。当然这并非绝对，只是大方向上的表现特点。而假如你也是更擅长书面能力的考生，建议每天花在阅读备考上的时间就不应该太多了，假如1天有4个小时的备考时间，在阅读上大家其实用个45分钟-1小时来进行备考就足够了。另外托福阅读备考建议按照题型来进行而不是文章题材来进行，因为考试具体会出什么主题内容的文章你是无法确定的，但阅读题型一般都是比较固定的，按照题型备考效率会更高一些。<br/><br/>写作<br/>托福写作分为独立写作和综合写作，独立写作对大家单纯的写作功底要求更高，建议多花一些时间，每天至少保证一篇作文的完整练笔或是5-10个题目的提纲训练整理，并定期进行一些写作论据素材和好词好句的集中归纳和记忆。综合写作部分在小编看来与其说是考写作能力不如说是考听力和阅读的综合能力，不建议考生投入太多精力准备，把听力和阅读备考做到位综合写作的备考自然就做好了，每周稍微抽出一些时间来进行10题左右的实战演练也就足够了。作文部分每天的备考时间同样不要超过1小时。<br/><br/>口语<br/>如上文所说，大部分中国考生在托福口语上面的表现是相对较差一些的，因为口语不仅涉及到应用，更关键的是占据了主动两字。不同于听力只要被动接受见招拆招，口语可是要求大家自己开口来说的。这对于哑巴英语一路学上来的部分同学来说可谓千难万难。而在具体备考中，建议大家循序渐进，不要一上来就按照给出话题然后开说的方式来进行，最好按照先保证开口，然后少量练习熟悉表述方式，逐步过渡到能够实战的程度，这当中需要用到的各种方式比如发音纠正、跟读训练等等本文不详细展开，但建议大家每天投入的时间可以稍多一些，固定时间至少保证1小时，其它可以在碎片时间中进行的各种口语训练累积起来也要有至少半小时。<br/><br/>听力<br/>托福听力的训练其实是最为自由灵活的，大家既可以留出整段时间来进行比较集中的训练，也可以结合SSS60秒等较为简短的听力训练资料在每天的各类碎片时间中进行备考，当然如果是进行官方真题Official真题练习的话还是建议大家完整进行，这样更能起到实战模拟演练的作用。听力每天的备考时间建议无论是整段训练还是碎片分割式练习，累积时间达到1小时即可
Student/CCO,SAT考试,如何准备SAT考试？,1. 背单词<br/>单词是一切的基础。不同于传统的语法考试，新 SAT 文法部分的考查形式为「基于文章的」 (passage based) ，这就加强了对文章理解能力的考查。而在一篇英文文章中，句子是最基本的单位，句子又是由一个个单词按照一定的规则组合而成的。因此要想读懂文章，首先需要扫清单词的障碍。试想在做题的过程中，如果由于生词过多而读不懂文章，或是不能很好地把握文章或题目中的一些关键词，怕是难以将题目做对。而且，SAT 重视对于 word in context 的考查，在文法上体现在对于单词使用精准度的考查，即「语言的有效使用」中的准确性 (precision) 考点。比如官方第一套样题中的第 10 题考查 fulfilled 和 satiated 的区别：二者都有「满足的」的意思，但一个指精神上的满足，另一个强调饱足。根据语境应该选择强调饱足的 satiated。此类题目是文法部分的一个难点，考生更要从平时就加强词汇的积累，并注意一些近义词的使用区别。<br/><br/>2. 句子分析训练<br/>如果出现「单词都认识，句子还是读不懂」的情况，很大程度上是由欠缺「读懂句子的能力」造成的。想要读懂句子，首先要清楚英语中的各种语法成分、句子结构等最基本的语法知识。比如什么是主谓宾、什么是主系表，什么是简单句、并列句、主从复合句，状语和定语如何区分，三大从句的本质又是什么……只有保证对于这些基础语法知识烂熟于心，才能在读文章时见到各种句型、各种语法结构时，迅速做出反应，进而理解句子的含义。除了学习语法知识，还需要需要进行大量「句子分析训练」，以加强对所学语法知识的熟练程度，进而真正将读懂句子内化成自己的能力。「句子分析训练」是指将英文句子进行拆分、对其各个成分进行分析及翻译句子的过程。<br/>句子分析的具体做法是：<br/>判断句子所属的结构类型：是简单句、并列复合句还是主从复合句;如果是主从复合句的话，主句、从句、连接词分别是什么。<br/>进行成分划分，即分析这句话中的各个部分在此句中作何成分。<br/>理解这句话的含义，写下翻译。<br/>举个例子：<br/>The advantages claimed for such foods over conventionally grown and marketed food products are now being debated.<br/>判断句子结构类型：这是一个简单句。<br/>进行成分划分：The advantages [主语] claimed for such foods over conventionally grown and marketed food products [定语] are now being debated [谓语].<br/>(句子主干是 The advantages [主语] are now being debated [谓语]. claimed for such foods over conventionally grown and marketed food products 作定语，是修饰主语 the advantages 的。)<br/>翻译句子：有人认为绿色食品比用常规方法生产和销售的食品更好，但这种说法现在受到了质疑。<br/>这样做下来虽然比较费时费力，但效果非常好。根据朗播网的数据统计，多数用户在完成 300 个句子分析练习后其「读懂句子的能力」便会得到大幅提升。这种句子分析训练也适用于新SAT、托福、雅思等其他考试的阅读理解部分。<br/><br/>3. 熟练掌握语法知识<br/>前面两点(背单词和做句子分析)都是为我们读懂文章打下基础，接下来的部分则都是直击文法部分题目的要点。其中最要牢牢掌握并保证拿到分数的就是考查语法知识的部分。SAT 文法部分几乎有一半的考点考查的都是单纯的语法知识点，例如主谓一致、动词的时态语态、平行结构、比较结构、代词指代等等，官方指南中将这个部分划为「标准英语用法」(standard English conventions)。这些属于「知识性」考点，即只要考生能掌握这个知识点便可以把考查这个知识点的题目做对。考生需要对 SAT 官方指南上列出来的所有文法考点烂熟于心，看到题目和选项便能立刻反应出考点，并且对于所有语法知识类考点所涉及到的知识点高度熟练，能在考场上迅速地将正确答案选出来。需要注意的是，「英文标点符号的标准用法」为考试中的一个重点，对英文标点符号不熟悉的考生需要多加学习及练习。<br/><br/>这个部分的准备方法也很简单：官方已经给定了考查范围，那我们首先就需要先找出 SAT 的考点，并将考查语法知识的考点整理出来。然后找一本语法书，学习这些语法知识点，并对自己看不明白或掌握不好的部分进行重点练习。还需要找一本讲英文标点符号标准用法的书进行学习。当然，如果你难以理出这些考点、找不到合适的学习资料、不知道如何学习这些知识点、不知道自己哪里掌握的好哪里掌握的不好，即使能找到自己的弱项也不知道掌握不好的部分怎么练习，那么找一位有经验的老师帮你梳理这个部分的知识点是更高效的办法。光将这些语法知识学会还不够，学完之后还需要不断去消化吸收，可以去做做老SAT 的语法真题。<br/><br/>4. 句子功能识别训练<br/>除了传统意义上的「语法知识」，SAT 文法更加强了对于「观点表达」 (expression of ideas) 的考查。这一部分考查的其实是语言运用能力。具体来说，涉及到了 proposition(观点、主旨)，support(支持的信息)，focus(聚焦中心论点)，introduction(介绍)，conclusion(结论)，transition(过渡) 等考点。这里考查的其实是「识别句子功能的能力」，试想如果我们能够准确地识别一个段落中每个句子所充当的功能――即能够判断出哪句话是主题句，哪句是支持的信息，哪句是例子，哪句是过渡句，哪句是结论――便能够在遇到这种题目的时候，准确地按照题目要求作出判断。因此，我们就需要找一些材料并且进行「句子功能识别训练」。那么，句子都有哪些功能?什么样的材料是适合做句子功能识别训练的?如何判断自己的识别是否准确呢?<br/><br/>5. 逻辑关系识别训练<br/>文法部分有一个考查频率很高的考点――transition。先来看看 SAT 官方指南上对这个考点的说明：Many questions about transitions focus on those critical words and phrases that signal the logical relationship of information and ideas within and between sentences.<br/><br/>简单来说，考查 transition 考点的题目会在原文中两句话之间的某个逻辑关联词下面划下划线，然后选项中还有三个提示其他逻辑关系的词，需要考生对此处应该填的逻辑关联词进行判断。<br/>对于这种题目，考生首先需要对于常用的「逻辑关系提示词」有一个清晰的把握，即需要明确这些逻辑关系提示词提示的是何种逻辑关系。除了明确这些逻辑关系提示词提示的是何种逻辑关系，考生还需要具备能够判断前后两句话之间到底是什么逻辑关系的能力。<br/><br/>在备考的过程中，如果考生发现这个考点的题目出错频率较高，首先需要分析错因：是没有掌握逻辑提示词?是没有读懂前后两句话? 还是没有判断出前后两句话的逻辑关系?如果是没有掌握逻辑关系提示词提示的是何种逻辑关系，则需要对常见的逻辑关系提示词做一个总结。如果是没有读懂前后两句话，则需要看看问题出在了单词上还是句子结构上并继续做相应的练习。而如果是没有判断出前后两句话的逻辑关系，则需要训练自己判断逻辑关系的能力。在此之前首先需要系统地学习一下各种逻辑关系、常见的提示词及判断方法，接下来再进行专项练习。<br/><br/>6. 训练做题速度及模考<br/>SAT 文法部分考试时间仅为 35 分钟，考生需要在考场上完成阅读文法部分 4 篇文章及 44 道选择题，还需要涂完这个部分的答题卡。对于那些对于考点不够熟悉、没有经过训练的考生来说，这个时间还是相当紧张的。因此，考生在平时练习时就应该有意识地培养自己快速做题的能力。而「速度慢」的问题又可以归结为「不熟练」，因此要提升速度，就需要首先把基础打牢，并不断加强对于这些考点的熟练度，并在备考后期进行计时训练。<br/><br/>最后，经过一段时间的学习和练习之后，可以根据自己情况进行模考。模考材料以真题为主。模考时需要严格按照考试要求进行，从时间、身体状态上适应考试的真实情况。模考结束后最好能请老师将做错的题目弄懂。这个过程中最最重要的就是模考后的分析，除了听老师分析题目，自己也要对于自己的错题进行深入的剖析，试着问自己为什么做错?是不细心、知识点没有掌握，还是相关能力不足?那么就具体题目来说，出错的步骤是哪一步?将这些问题搞清楚后，最好能有一个汇总的表格，把自己的问题做一个记录，并进行有针对性的查漏补缺。
Student/CCO,ACT和SAT区别,SAT和ACT有什么差别？,考试内容的安排、考试时间、评分标准都不一样。SAT考试有阅读、文法、数学三个必考科目，写作为选考，总分为1600. ACT考试有英语，阅读，科学，数学四个必考部分，写作为选考，总分为36. SAT 和ACT 在美国大学申请中都是通用的，不存在哪个大学考虑学生申请的时候更看重SAT或更看重ACT的情况，关键是看学生考到了什么样的分数。
Student/CCO,标化重要性,标化考试在申请过程中有多重要？,"标化考试在美国大学申请中是必不可少的一部分，即使有些学校是ACT/SAT Optional, 那托福也是必不可少的。对于想要申请名校的学生而言，有竞争力的标化考试分数是敲门砖，有了好的标化分数不一定能被录，但是没有的话想要被名校录取也是几乎不太可能的。 "
Student/CCO,标化备考误区,国内的申请者常见的标化考试误区在哪里？,一味刷高分<br/>一味背单词<br/>只刷题不注意基础能力
Student/CCO,成绩不理想怎么处理,"我的孩子有一些学科成绩不理想，我们应该如何处理这个分数？
成绩不好可以改成绩吗？",我们学校不给学生改成绩，成绩单呈现的都是学生最真实的学术表现。如果学生出现挂科的情况，可以重修。
Student/CCO,课程简单怎么办,课程简单可以换课吗？,学生如果感觉课程简单，这说明学生在期末的时候拿全A或A+的可能性比较大，能拿到非常好的GPA。学校也有开设难度比较高的AP课程，学生如果想挑战自己的话也可以多修几门AP，并且争取全部拿到4分以上的分数。如果这还不能满足学生的需求，学生可以借助一些在线的平台，比如Coursera去修读一些自己感兴趣的美国名校的网课，这也是非常好的体现学生喜欢挑战课程难度，有非常强的学习能力的一个方式。
Student/CCO,第一学期成绩不理想影响申请吗,第一学期成绩不太理想，对大学申请有影响吗？接下来应该怎么做？,如果第一学期成绩不太理想，但是第二个学期可以有比较大的进步，并且在接下来的两年的每个学期都保持上升的趋势，就可以弱化第一学期分数的影响。
Student/CCO,中途退课,学期中退课对升学有影响吗？,有影响。在大学申请时，大学要求学生解释所有课程变动的原因。退课可能会给大学留下负面的印象。
Student/CCO,家长监管小孩,家长应该如何监管小孩的成绩？,跟学校做好配合，跟学生的导师沟通，了解学生的在校表现，关注学生的学习成绩动向
Student/CCO,四年计划,"要不要读第四年？
什么是四年计划？",总的来说，学生选择在万科梅沙书院就读第四年的课程有两方面的原因：一是能帮助孩子们申请到更好的大学，二是为大学及大学毕业之后的人生做更好的准备。<br/><br/>举例来说，更好的英语能力（可能体现在托福或SAT的成绩上），更加完美的成绩单（更高的GPA / 增加高阶课程），独立完成一个重要项目或者部分原创的独立研究，都将为申请到更好的大学添砖加瓦。而培养一些重要的技能（英文的运用能力，研究能力和学术写作能力），并且在性格、习惯、学业、社交等方面更加成熟，更是在美国大学学习生活的必需条件，甚至对毕业后的职业选择、生活品质都会产生巨大的影响。因此，高级的英语语言能力、卓越的研究能力，以及向大学展现出曾在高难度课程中的成功表现，都是大学申请或者在大学生涯中获得成功的主要因素。<br/><br/>学生基于兴趣和专长，如果需要更高的挑战，或者需要额外的学分也可以选择第四年的课程：比如说，书院STEAM文凭和Artist文凭的学分要求高于普通学生，希望攻读这两个文凭的学生，可以把文凭的要求学分分配到四年的时间里，这样在高一和高二年级就可以有更多的时间更专注于STEAM和艺术课程。此外，还有一些学生可能需要重修某些课程以获得学分。<br/><br/>第四年可修读的课程原则上仅限400―600的难度课程，除以下情况：1）有必修学分需要补齐；2）重修不及格（总成绩在D+或以下）的课程。具体每一年将开设的课程取决于该年学生的兴趣和师资配备。
Student/CCO,大学排名的影响因素,大学排名都受到什么因素影响？为什么变化这么大？,大学排名与该校的录取率，录取学生的标化成绩，学生的返校率，校友及政府拨款，学校间教授的互评，升学咨询老师的评价等诸多因素都有影响，然而这些指标不足以体现该校真正的学术水平和教学质量，不同统计方式和评价标准都有可能影响到排名的变化。
Student/CCO,大学不参与排名,为什么有的大学不参与排名？,排名最初只是杂志为了提高销量而产生的商业性行为，不参与排名的学校仅仅是不想参与这样的商业行为，并不代表这些学校不好。
Student/CCO,如何选大学,"我应该如何选择一所学校？
如何选大学？",通过不同维度找到最适合自己的，比如地理位置，专业及课程设置，学校的氛围和风格，奖学金需求，学生活动及社团，师资，特色项目等。
Student/CCO,社区学院,社区学院是什么？是野鸡大学吗？,社区学院不是野鸡大学。社区学院是州政府出资，为高中毕业生或社会群体提供大学学分课程，帮助他们成功转入四年制大学，或为他们提供多元化学习机会和培训机会的大学。社区大学的学制为两年，从社区大学毕业的学生会获得副学士学位。
Student/CCO,社区学院适合学生,社区学院适合什么样的学生？,社区学院适合因某些原因无法直接申请四年制大学，但通过基础学习可以慢慢适应大学的学习模式和方式，通过过度可以完成基础课的大学学分，并顺利转入四年制大学学习并毕业的学生。
Student/CCO,文理学院,文理学院是什么？是野鸡大学吗？它跟综合大学有什么区别？,文理学院是专注于本科教育，提倡博雅教育的私立院校。文理学院通常仅开设本科学院，规模相对较小，因此师生比也相对高很多，课堂平均人数一般不会超过20人，对专业没有严格的限制，学生可以自由得选择自己感兴趣的课程和专业。综合性大学开设本科学院和研究生院，规模较大，课堂人数一般既有几百人的大课，也有几十人的小课，有些综合性大学专业要求比较高，转专业需提交申请并达到相对应的转专业课程要求。
Student/CCO,文理学院适合学生,文理学院适合什么样的学生？,文理兼修，喜欢小班授课，课堂讨论，与教授保持紧密沟通，思维活跃，喜欢紧密的集体的学生。
Student/CCO,女子学院,女子学院是怎么一回事？,"从常春藤成立开始，学校就只收男学生。直到1983年，所有常春藤大学才改为男女混校。因此，为了让女性享有同男性平等的接受教育的权力，女校正式成立了。在美国一共有39所女子学院，其中有7所学校以其悠久的建校历史和卓著的教育尤为知名，被称为“七姐妹”。他们都位于美国的东北部，成立于1937-1889年。七姐妹就是为了让女性享受同男性平等的教育机会于1927年成立的。它们中4所在麻省，2所在纽约州，1所在宾州。Radcliffe（与哈佛学院合并）及Vassar（现在已是男女混校）不再是女子学院。<br/><br/>巴纳德学院Barnard College (Manhattan, NY)（曼哈顿，纽约） 巴纳德学院是一所位于纽约曼哈顿的私立女子学院，是东北部的七姐妹之一。巴纳德与哥伦比亚大学是合作学校，这让学生可以获得除本校之外更多的资源。巴纳德学院最初的教育理念是强调性别有关的议题同时让学生能够在人生的不同阶段面临不同的挑战。学校的课程侧重培养学生思想的碰撞而非传授传统的学术知识。它们的交换项目包括哥伦比亚大学，朱丽叶音乐学院，曼哈顿音乐学校。<br/><br/>布莱恩马尔学院Bryn Mawr College (Bryn Mawr, PA) （布莱恩马尔，宾州）布莱恩马尔学院是一所距离费城4英里的女子文理学院。 该校是七姐妹之一，也与Swarthmore和Haverford组成了三校联盟。布莱恩马尔学院成立于1885年，有1300名本科在校生和400名研究生。布莱恩马尔学院的学生来自世界各地，代表了42个州和62个国家。该校提倡博学多思，注重学生独立思考能力与团队合作能力的平衡。学生可以自由得选择自己的专业，从阿拉伯语到经济学到创造性写作，也可以进入到研究生项目的学习，例如临床发展心理学和古典近东考古学。<br/><br/>曼荷莲学院Mount Holyoke College (South Hadley, MA)（南哈德利，麻省）成立于1837年，曼荷莲学院是“七姐妹”中最古老的学院，也是先锋谷五校联盟的成员之一。在校生约2000人，来自45个州和74个国家。学校共有51个专业，并且学生可以自主设计想学的专业。在曼荷莲，29%的学生会选择跨学科的专业，84%的课堂少于30名学生。曼荷莲开设了很多设计各种国际议题的课程， 还曾因其突出的国际化教育荣获了保罗西蒙参议员奖。<br/><br/>史密斯学院Smith College (Northampton, MA)（北安普顿，麻省）史密斯学院是一所位于麻省的北安普顿的私立女子学院。有2600名本科生及100名研究生，研究生里面有男生也有女生。史密斯学院是七姐妹中最大的学院。学校开设了1000多门课程，50多门学科，并且允许学生根据自己的兴趣进行开放式课程的学习。史密斯的本科生可以从大三开始在麻省大学阿姆赫斯特校区攻读快速研究生项目。学校的特色项目还包括诗歌中心，史密森学会的史密斯项目，以及资助学生在他们感兴趣的领域成为活跃的学者的史密斯学者项目。<br/><br/>卫斯理学院Wellesley College (Wellesley, MA)（卫斯理，麻省）卫斯理学院位于麻省的卫斯理市，是七姐妹之一的女子文理学院。卫斯理学院与很多知名大学都是合作校，学生可以在麻省理工学院，阿姆赫斯特学院，达特茅斯学院，惠顿学院上课。希拉里克林顿，马德琳・奥尔布赖特，黛安索耶，以及美国三分之二的女国务卿都毕业于卫斯理学院。除了多种多样的学术专业，以及设计自己个性化的专业，卫斯理学院的学术项目还为学生提供了到国外学习的机会，学生也可以参加一些特别的活动，例如公众写作的工作坊。"
Student/CCO,女子学院优势,女子学院有什么样的特点，优势是什么？,在男女同校的世界里，女子学院的优势是很难比拟的。为什么？历史上，男女同校标榜的都是男性――这一传统多年来没有太大改变。男女同校的大部分管理人员由男性担任，教室由男生主导，学生领导职位也是如此。这些男女同校的教室营造的仍然是一个符合性别期望的环境，而且女性在这种性别偏见盛行的环境中待的时间越长，她们的自尊心似乎就越低――直到最终，职业抱负也会下降。<br/><br/>女子学院也怀有很高的期望，她们鼓励学生蓬勃发展，并能发挥出最高的潜能――不是与世隔绝，而是一个动态并能提供优质教育的环境，使她们的学生准备好承担生活中的许多角色，挑战自我成为他们想要成为的任何人。<br/><br/>女子学院是培养智力、精神和文化进步的庇护所。这是一个陈旧的说法“这是一个男人的世界”被打破，女性能够谋求学术、职业和个人发展的地方，它强化了一个仍然被掩埋于男性主导的工作场所中的事实――女性能有更多的贡献，有能力处理多重任务，并且是天生的领导者。简言之，女子学院是一个让女性尝到掌权滋味的地方――这是一个终生难忘的课程。<br/><br/>与混校教育相比的优势？                                                                                                                                                                                                                                                         根据女子学院联盟收集的研究，在女子学院学习的女性：<br/>-在标准化成绩测试中得分更高<br/>-更倾向于学习传统由男性主导的学科，如数学和科学。<br/>-81%的有可能在大学毕业后继续接受教育。<br/><br/>虽然只有2%的美国女大学生上过女子学院，但与男女同校的女性相比，女子学院的毕业生往往在职场中担任了更高的职位。<br/>                                                                                                                                                                                                                                                               女子学院的毕业生代表：<br/>国会中20%的女性<br/>《商业周刊》上列出的美国企业中增长的女性人数中的30%<br/>财富1000强公司33%的女性董事会成员<br/>3名美国代表<br/>                                                                                                                                                                                                                   与男女同校毕业的女性毕业生相比，女子学院的毕业生：<br/>-获得博士学位或进入医学院数量在两倍以上。<br/>-更可能对她们接受的完整教育的总体质量“完全满意”。<br/>-更有可能说比旗舰公立大学的毕业生对大学毕业后的生活做了更好的准备。<br/>-更充分地参与了课堂和课外活动。
Student/CCO,公立大学和私立大学的区别,美国人常说的公立大学和私立大学，到底有什么差别？,公立院校和私立院校的主要区别在于经费来源不同。公立学校的经费主要来自于州政府从税收中拨给的款项，联邦政府给予科研、购置图书设备和向学生提供各种资助；而私立学校的经费来源主要是向学生收取通常比公立学校高得多的学费，另一方靠校友捐助，一般校友都会捐助比较多的金额
Student/CCO,选校注意什么,帮助孩子选校时应该关注什么因素？,学校的录取要求，地理位置，气候条件，花费，学校在学生感兴趣的专业领域的口碑，科研实习就业的机会等
Student/CCO,学校如何帮助选校,升学咨询办公室如何帮助学生选校？跟校外留学机构相比，有什么差别？,根据学生的学术和非学术表现，结合学生的兴趣家长的期望，指导学生进行学校搜索，与学生一起筛选出适合的学校，不会大包大揽直接拟一个选校单给学生。
Student/CCO,大学转学,为什么有学生大学想要转学？,原因比较多元，有很多是想转去更提供资源发展更适合自己兴趣的学校，也有转入排名更高的学校。 
Student/CCO,美国转学难易度和流程,美国转学容易吗？有什么流程？,提前做好学校调研，选定自己感兴趣的学校，按学校官网上转学申请的流程来操作就可以。学生在Counselor的指导下完成了大一申请的全过程，转学完全有能力自己来操作。
Student/CCO,英国大学对AP体系和A-Level体系的录取区别,申请英国的学校，美国体系和英国体系的差异在于哪里？,1. AP体系，分需要读预科和不读预科两种情况。<br/><br/>不读预科，需要学生有3-5门AP成绩。<br/>有SAT成绩，则三门AP考试，不一定非得上AP课；<br/>没有SAT成绩，需要五门AP考试，不一定非得上对应的AP课；<br/><br/>如果没有AP成绩，则需要读一年国际预科，预科的长度跟雅思成绩相关，分数越高，时间越短。预科结束后不一定会去预科所在的大学。比如我们预科去的是国王学院，预科结束以前我们会重新申请本科，到时候不一定会保证能进入国王学院的本科。<br/><br/>2. A-Level要求则直接很多，只要满足了学校的考试和分数要求（一般是三门课），雅思达标，通过申请系统就可以直接申请了。
Student/CCO,英美教育差别,英国教育跟美国教育的差别？,英国与美国的高等教育有很多相同点，因为他们有着同样起源，并且英国大学本身也是美国大学的设计雏形。哈佛大学最初命名为剑桥学院也见一斑。所以从现代美国大学的各个方面都可以看到英国古典大学的影子。另外，英美高等教育都着力于培养复合型人才，都有着创造精神与实践精神，在入学的时候不完全依靠考试，还是要求综合素质、综合能力等。当然，英国与美国的高等教育体制上也有很多不同点。从宏观管理体制上来说，英国大学由各高等教育基金委员会负责管理，而美国的公立大学由各州政府负责，私立大学自主自治管理;从学制上来说，英国实行学期制，缺乏弹性 不能转学与转专业，而美国实行学分制，转学与转专业普遍与灵活，学校间学分互换;从校内管理模式上来看，英国实行学院制，各学院自治，独立与大学，学院权力大于大学，而美国实行院系制，系是美国大学最基本的学术单位，也是最重要的学术权力中心;从教育理念上来说，英国的通识教育差一点，更多的实行专识教育、学术金本位，而美国的则是普遍的通识教育;从培养目标上来看，英国培养的是学术人才，而美国培养的是领导者、开拓者与实干家;从培养方式来看，英国实行授课型教育，而美国实行自由选课、参与科研、研讨式教学;从专业角度来说，英国在高中阶段就确定了专业方向，专业指向性强，而美国以综合能力培养为主，大学前两年为通识教育修习各领域课程，后两年修习专业主修课程。文理学院不分专业，以培养精神领袖为目标学习;
Student/CCO,英国大学要求,申请英国的大学都有什么要求？,1. AP体系，分需要读预科和不读预科两种情况。<br/><br/>不读预科，需要学生有3-5门AP成绩。<br/>有SAT成绩，则三门AP考试，不一定非得上AP课；<br/>没有SAT成绩，需要五门AP考试，不一定非得上对应的AP课；<br/><br/>如果没有AP成绩，则需要读一年国际预科，预科的长度跟雅思成绩相关，分数越高，时间越短。预科结束后不一定会去预科所在的大学。比如我们预科去的是国王学院，预科结束以前我们会重新申请本科，到时候不一定会保证能进入国王学院的本科。<br/><br/><br/>2. A-Level要求则简单粗暴很多，只要满足了学校的考试和分数要求（一般是三门课），雅思达标，通过申请系统就可以直接申请了。
Student/CCO,申请纯艺和综合大学的艺术学院区别,申请纯艺术学校和综合性大学的艺术学院的申请要求有什么差别？,纯艺术学院的艺术专业在标化考试方面的要求低，一般只要托福达标就可以了。但是综合大学的艺术专业对标化考试还是比较看重的，比如申请南加大的建筑，还是要有比较好的SAT/ACT成绩的。
Student/CCO,电影美剧中的可怕场景是真的吗,电视上那些可怕的校园派对场景都是真的吗？,有真实也有夸张的成分，那毕竟是戏剧。
Student/CCO,兄弟会姐妹会,什么是兄弟会和姐妹会？,兄弟会和姐妹会（英语：Fraternities and Sororities）一般指的是世界性组织。在拉丁语中，Frater和Soror分别代表兄弟（Brother）和姐妹（Sister）的意思，兄弟会通常以希腊字母命名，并一起通称希腊社团（Greek Organization）。<br/>而在大学校园里，兄弟会是一种以兄弟情谊为基础招收在校学生的学生社团组织。在北美，兄弟会一般意指大学中的希腊社团，属学生社团组织，兄弟会和姐妹会的生活一般被称为Greek life。校园里的兄弟会姐妹会分为三种，分别为社交、服务、学术类，大多数的属社交性质。
Student/CCO,校园安全,美国校园安全吗？ 如何增加安全意识,美国校园的安保措施做的还是非常不错的，尤其是在一些治安相对差一些的城市，校园安保更会被额外重视。人身安全要多多引起重视，遵照学校的各种安全标识，必要时使用学校的安全保护系统，如ESCORT 服务。 
Student/CCO,夏季项目,夏季项目有哪些种类？差别是什么？,大学组织的夏季项目主要是指暑期课程，以学为主，有带学分的也有不带学分的。另外有一些旅行社组织的海外游学项目，种类繁多，但归根到底还是以游为主。
Student/CCO,要参加夏校吗,夏季项目有必要参加吗？,建议学习能力不错的同学选择大学的暑期课程来读，可以提前感受学校的学术氛围，有突出表现的同学也是有可能拿到教授的推荐信的，对于之后的大学申请还是能够起到一定的助力。
Student/CCO,大学访校,大学访校项目介绍,美国四年制大学共有三千余所，还有千余所的两年制学院。每所大学的地理位置、气候、规模、学术资源、周边环境、课程、师生比、宿舍、餐饮条件、社团活动及实习机会、奖学金等等各个方面都不尽相同。选择一所理想的学校，只有通过实地走访才能把感性认识和理性数字分析结合在一起，才能帮助家长和梅沙学子们在现有成绩基础之上进行提前了解和准备，最终进入更有挑战性和理想中的学校。在每一年暑假，梅沙书院的同学们将在升学咨询老师的带领下访问美国高校。每一年，CCO的升学咨询们都带领梅沙学子跨越美国十余州，访问多所顶级院校，让每位同学都有机会与招生官、在校生，乃至毕业生当面交流，最大程度的去感受真实的美国大学教育与校园文化。<br/>
Student/CCO,ELP ELC 项目介绍,ELP ELC 项目介绍,"2019年3月，梅沙书院第一次体验式学习项目（Experiential Learning Program, ELP）由CCO正式启动。古训曰“读万卷书行万里路”，两者互相促进、相辅相成。体验式学习与传统的课堂学习不同之处在于，学习的过程发生在课堂外，在旅途中，在体验中，使学生有机会与当地社区建立联系，感受知识的延展和创造。在此过程中，学习的空间和内容相互呼应，以此让学习增添趣味，也让体验更深入。基于实践的体验式学习项目设计初衷为短期的校外学习项目，一般为一至两周，且必须包含一个或多个主题，包括但不限于：学术/课程、文化交流、职业探索、服务学习、社会公正、社会企业家精神、户外教育和环境管理等。通过体验式学习，大家可以获得诸如解决问题、观察力，倡导力、团队合作和批判性思维等技能，而这些软性能力恰恰又是许多美国大学在录取学生时极其看重的。同时，根据书院《150学时社会实践活动要求》，体验式学习项目将按照不同主题划分到各自类别（职业/大学探索、社区服务和个人发展）下计入相应学时，满足学生的毕业要求。"
Student/CCO,暑期课程,暑期课程介绍,夏校的申请流程与大学申请相似，CCO建议同学们结合自身情况，利用寒假时间申请自己感兴趣的夏校。参加夏校不仅有学术上的收获，也能帮助同学们提前熟悉大学的申请流程，为自己高三申请大学做好充足的准备。<br/>大部分夏校采取的是滚动录取方式。滚动录取即先到先得，越早申请机会越大，申请后期因名额有限会加大项目的竞争力。我们鼓励有条件的同学们尽早申请。同学们在申请前不妨亲自动手查找一下，你所感兴趣的高校是否有针对国际高中生的夏校项目。除了从升学咨询老师处获得建议和指导，我们也鼓励同学们在官网上查找大学的咨询联系方式，勇于自己写邮件或打电话向学校询问，有问题及时与大学沟通，给大学留下深刻印象。<br/><br/>以布朗大学为例：在Brown University官网搜索Summer Programs/PreCollege Programs，我们会进入布朗大学提供夏校信息的网页：https://precollege.brown.edu/summeratbrown/。网页显示布朗夏校的简介、课程设置、项目时间、项目要求、申请资格与课程费用等信息。在具体的课程项目内，学生可以找到夏校的申请方式：https://precollege.brown.edu/summeratbrown/#apply。网页中详细写明，申请布朗夏校时，学生需要填写并提交申请表、缴纳申请费、并提供高中成绩单；有些项目需要提交文书与教师推荐信。对于国际生来说，布朗大学需要在4月15日前收到学生完整的申请材料。
Student/CCO,竞赛项目,竞赛项目介绍,针对基础较好，校内成绩通常能够维持在年级前列的学生，如果想在大学申请中冲刺更顶尖的学校，也许光靠参加一些所有同学都参加的活动和竞赛并不足以让他们脱颖而出。我们鼓励有能力、对参与竞赛感兴趣的同学们提早准备，选择参加一到两种擅长的竞赛，争取获得有份量的奖项或名次，为自己的大学申请加分。在参加竞赛前，除了衡量自己是否有足够精力投入竞赛准备，同学们还需要在老师们的帮助和指导下主动判断竞赛的难度和含金量。主要的判断标准包括：国内外的认可度及影响力、赛事历史、举办方、奖项设置比例等。<br/>从创校的第一年开始，梅沙学子就积极地参与到全球各类国际性的学术比赛中，连续四年收获众多佳绩。关于具体竞赛项目信息，请咨询对应学科的科组老师。
Student/CCO,托福和SAT需要校外辅导吗？,托福和SAT需要校外辅导吗？,长和学生可以先参考美国大学理事会 SAT 考试官网的真题，评估英文和数学的难易度后，再决定学生是否需要这样的辅导。SAT 并不是学术课程，内容也都是美国高中十一年级的课程内容（对应我校高二课程）。建议先夯实学校内课程的学术基础，稳住 GPA，等明年高二再做评估。VMA 有提供对 SAT 的辅导，另外有 Khan Academy 可汗学院免费网上自学的资源，请见链接。<br/><br/>https://collegereadiness.collegeboard.org/sample-questions<br/>https://www.khanacademy.org/mission/sat （需先创建账号后登入）<br/><br/>至于 TOEFL 也是考学术英文，部分大学对于 SAT 英文部分达到要求分数的学生，或是获得 3-4 年全英文高中课程证书的学生可以免托福。您可以和学生一起评估自己的能力，再决定是否需要培训。托福官网真题链接如下：<br/><br/>http://www.toeflgoanywhere.org/cn/toefl-practice  <br/><br/>对于标化考试，以校内课程为主，在学生能力可及和不本末倒置的情况下自行安排。<br/><br/>另外，美国大学在评估学生学术方面的申请材料时，通常是按照GPA，SAT/ACT和TOEFL的顺序来考核。仅仅看重其中某项成绩有弊无利。如果SAT/ACT成绩出色，但是GPA一般，最终申请结果也许只是waitlist；如果GPA，TOFEL的成绩都不错，也有越来越多的学校是SAT Test-optional的(即学生可自愿选择是否提交SAT成绩，并且不会影响录取)；如果仅GPA成绩不错，但是SAT/ACT和TOFEL成绩一般，也有很多学校提供conditional offer或者pathway项目，学生日后可以慢慢提升。
Student/CCO,课程是否满足升学要求,目前的选课规划如何，是否满足未来升学需要？,目前 10 年级选课都是依照美国 Common Core 共同核心标准课程定制的必修课，搭配心理和升学咨询等课程。Common Core 课程符合美国高中课程要求，也符合身为 WASC 美国西部高中联盟成员的 VMA 毕业要求。对于个别大学入学有特别的课程要求可以在高二高三选课时依据学生个人学习能力情况做规划。<br/><br/>Common Core 共同核心课程官网（英文）：http://www.corestandards.org/read-the-standards/
Student/CCO,公益活动,公益、社会活动如何安排？持续性咋办？,在此阶段，建议同学们多方面尝试，后续再对几个符合兴趣的活动做持续发展。目前深圳教育局*发布的要求是三年高中共 150 学时社会实践。细节您可以咨询我校学业支持部(529)和学生事务部(525)。
Student/CCO,只报了一个社团够吗,只报了一个社团够不够？,目前针对兴趣参与即可，在精不在多。学校的社团众多，建议目前多尝试，等高二高三再精选。学业事务部有详细的社团活动列表，同学如果没有找到有兴趣的也可以试着自己建立一个。
Student/CCO,快速提升英文,英文水平如何快速提升？,无论什么教学法，是否能即刻收效，都不能改变学英文尤其学术英文需要努力加上时间的定律。一般在非常努力下达到大学学术英文需要3年左右。目前建议大量阅读和写作与学科有关的文章或是报道，及加强口语的训练。
Student/CCO,AP课程如何规划,AP课程如何规划？,AP 课程需要在高一或高二时评估成绩 GPA 达标同时通过前置课程才能选修。如何选择因人而异，要依照学生的学习情况和兴趣或是大学专业来做评估，也不存在分文理方向的概念，比如在高中选修 AP 微积分觉得不合适，可以在进入大学后再学习，并不会因此阻断进入文科或理科。在高一每周四的生涯规划课程里，老师会按部就班地带领学生一步步探索和发现自己，作为后面选课的准备工作。<br/><br/>高二高三后，学生可根据兴趣及未来专业方向选课，结合自身能力增加选课难度和课程多样性，如AP和Post AP课程等，同时要注重选课的逻辑，在难度上要有递进关系，防止盲目选课。最好是校内选的AP课，修完可以参加College board的AP考试，并取得好成绩，而不是最后弃考或者分数很低。有能力的同学要合理规划，争取获得AP diploma。这个diploma不仅要完成Capstone的内容，同时对基础科目有要求。
Student/CCO,简历怎么写,听人说大学招生官喜欢讲故事，反感传统刻板的简历，学生自己很难写出高水平的简历，需要找中介帮忙吗？,"讲故事是指写作叙事手法，并不要求学生去刻意“编故事”，大学招生官希望学生能从中表现出自己的个性并评估学生的英文写作能力。如果学生本身能力无法表达自己独有的个性和特色，基本就不符合美国大学对学生自我认知的要求。另，美国大学都有不准文书代写甚至帮忙修过的规定（见下链接），任何第三方捉刀修改润色提示都是违反学术诚信的严重事故，如被怀疑或查处，大学可以拒绝申请，入学的可以勒令退学，毕业的吊销证书。VMA 为符合美国高中标准要求的认证学校，升学咨询遵照美国各高中和大学标准原则，不支持任何第三方非学生自行操作的申请。下面举例康奈尔大学反中介的官网链接：<br/><br/>https://admissions.cornell.edu/apply/international-students <br/><br/>（文章如下：Credentialing services or other forms of paid professional assistance:<br/>Cornell University expects all applicants to complete their application materials without the use of paid agents or credentialing services.The use of such services violates University policy, and may lead to the rejection of application materials, the revocation of an admissions offer, cancellation of admission, or involuntary withdrawal from the University.）<br/><br/>总的来说，文书写做并不需要中介帮忙，学校会在升学咨询课开设系统的文书写作课程，并在与Counselor 的沟通中不断构建自己的认知体系。美国大学中文书的写作重点是找到Who you are，同时学校的Writing Center 会配合做语言文法指导等工作。"
Student/CCO,申请其它国家,我校目前只有美国AP课程，那会影响申请其他国家的大学吗？,不会的，AP成绩可以被用于申请世界上的所有国家大学，包括英国，加拿大，澳大利亚，美国，瑞士等等。大学会根据学生们的选课和所得到的毕业证书进行评估。比如，学AP课程的学生在申请英国或加拿大时，通常被要求有SAT、AP或SATII的成绩。
Student/CCO,申请香港可以吗,孩子将来想申请香港那边的大学，可以申请吗？,可以的。学生可以以国际生的身份申请香港的大学。香港的大学要求AP和SAT成绩。具体要求可以查看大学招生办的网站。
Student/CCO,备考雅思,若想要申请其他国家的大学，是需要提供雅思成绩的，这与我校的托福课程不一致，请问有什么解决方法吗？,首先，托福同时被英国，加拿大和澳大利亚的大学接受。其次，万科梅沙书院的英语培训强调基础的听说读写能力，托福与雅思的要求相类似。学生如果觉得学校提供的课程不适合他们的英语考试准备，也可以在自习课时间或者校外参加付费的培训课程。
Student/CCO,学校如何协助家长了解海外升学相关事宜,家长不了解海外升学的相关事宜，对此很担忧，请问学校有哪些方法提供协助的吗？,每一个学生都会在高一一入学被分配一位大学申请指导老师。在高中的整个三年，学生都会有大学申请的课程，在课程中，学生可以学到大学申请的程序和怎样为大学申请做准备。在整个三年期间，我们也将会有阶段性的针对家长的大学申请工作坊。高度建议学生和家长与各自的升学咨询进行一对一的面谈，以进行更个性化的大学申请支持。
Student/ASO,AP考试报名是什么时候？,AP考试报名是什么时候？,AP考试在每年5月份举行，一年一次。考试报名通常在前一年的10月。ASO会提前安排并通知考试报名，请注意及时查收通知邮件。
Student/ASO,报名时身份证已经过期了，这个情况怎么办？,报名时身份证已经过期了，这个情况怎么办？,报名期间过期或者报名前过期，以及未办理证件的有效期可以填写报名截止日，但必须按照网站提示填写声明，及时更换有效证件，确保考试期间证件在有效期内。
Student/ASO,GPA计算,"GPA的计算方法是什么？
GPA怎么计算的？
GPA的计算公式是什么？",总GPA（cumulative GPA）是基于每学期所修课程的字母等级所计算出来的平均成绩点数。GPA的计算方法如下：<br/>1.把所得的字母等级按照分级表转换成对应的等级绩点。<br/>2.记下每一门课程的学分。<br/>3.把每一门课程的等级绩点与学分相乘，得到这门课的绩点。<br/>4.把所有已修课程的绩点相加，得到你的总绩点。<br/>5.把所有课程的学分相加，得到总学分。<br/>6.用总绩点除以总学分，即得到平均绩点。
Student/ASO,绩点,"GPA绩点的换算方法是什么？
成绩对应的绩点是什么？",A+  97-100  4.3<br/>A  93-96  4.0<br/>A-  90-92  3.7<br/>B+  87-89  3.3<br/>B  83-86  3.0<br/>B-  80-82  2.7<br/>C+  77-79  2.3<br/>C  73-76  2.0<br/>C-  70-72  1.7<br/>D+  65-69  1.3<br/>D  60-64  1.0<br/>F  Below 60  0.0
Student/ASO,申请补缓考重考,如何申请期末补缓考,请到529ASO办公室领取补缓考申请表进行申请。
Student/ASO,怎样可以缓考,什么情况可以申请期末缓考,因不可抗力耽误考试，但申请最终结果由ASO认定
Student/ASO,申请期末重考,怎样可以申请期末重考,学期必修学科总评等级为D+、D或F
Student/ASO,什么时候补缓考,什么时候补缓考,一般情况下，补缓考将在新学期的第一周或者第二周进行上学期的期末补缓考
Student/ASO,期末缓考最高成绩,缓期末考最高成绩是多少,期末缓考最高成绩为A+，以实际考试成绩为准
Student/ASO,期末重考分数,期末重考最高成绩是多少,期末重考试卷可得满分，但补考科目最高成绩为C
Student/ASO,期末补缓考次数,一个学期有个学科可以申请多少次期末补缓考,1次
Student/ASO,剑桥国家考试1年有多少次考试机会,1年可以参加多少次剑桥国际考试,2次，分别在上半年的5、6月份和下半年的10、11月份
Student/ASO,剑桥国际考试报名时间,什么时候报考剑桥国际考试,剑桥国际考试时间请留意学校剑桥考务官通知。一般5月考试季的报名时间在1月，2月；11月考试季报名时间在8月，9月。
Student/ASO,剑桥国际考试费用,剑桥国际考试需要缴纳费吗,根据剑桥国际考试中心的规定，学生需要缴纳考试费用，其中包括考试报名费和国际快递费等
Student/ASO,剑桥国际考试成绩发布时间,剑桥国际考试什么时候出成绩,5/6月考试季的成绩发布时间在当年的8月中旬；10/11月考试季的成绩发布时间在下一年的1月中旬
Student/ASO,剑桥国际考试可以申请成绩复议吗,是否可以申请剑桥国际考试成绩复议,学生可以在成绩发布后一个月内向考务官提交申请。如复议后成绩等级没有变化，则需要缴纳相应费用；如复议后成绩等级有变化，则无需缴纳费用。详情请咨询剑桥考务官
Student/ASO,借书,怎样借书,学生凭校卡到图书馆前台借书。无需付费，一次可以借10本。<br/>图书馆图书借阅时间为一个月，预期没有看完可以续借15天。<br/>学生在图书馆借书丢失或者损坏，需照价赔偿或者买一本同样的书补偿。<br/>
Student/ASO,网上续借,图书馆的书怎样网上续借,学生登录Espace，点击Library，在“ilas知识平台检索”界面按操作要求检索。
Student/ASO,图书丢了,书丢了、损坏怎么办,学生在图书馆借书丢失或者损坏，需照价赔偿或者买一本同样的书补偿。
Student/ASO,预约小教室,怎样预约图书馆小教室,图书馆有3间小阅览室，可以用作学生上网课或做Project使用。学生需到图书馆前台图书馆前台找图书管理员老师提前预约使用。
Student/ASO,"图书馆
服务时间",图书馆几点开？几点关？,2020年图书馆开放时间为：周一至周四  8:00---19:00；周五8:00---16:40。
Student/ASO,漂流书,借漂流书,图书馆的漂流书是学生和教师捐赠的书籍，到前台登记即可借阅，欢迎大家捐赠书籍到图书馆，使漂流书籍的资源越来越多。
Student/ASO,借报纸、杂志,图书馆的报纸、杂志能借吗,图书馆的杂志和报纸只能在场馆内阅读，不外借。
Student/ASO,忘记密码,PowerSchool密码忘记了怎么办？,点击Unified Classroom登录页面的“Forgot Password”，根据指引自行找回密码。如果未收到重置密码的链接，请与吴晓莉老师联系wuxiaoli@vma.edu.cn
Student/AO,开取在读证明,怎么开取在读证明,一般是周一、周三、周五开取，提前发邮件到xsxj@vma.edu.cn，开好后张博老师会回复邮件，请你到VMA527领取。
Student/AO,办理学生证,怎么办理学生证,需要提前准备一张“小一寸、白底”照片，携带照片到VMA527找张博老师办理。
Student/AO,怎么休学,怎么办理休学,休学需学生监护人来校办理。<br/>休学需准备相关证明材料（医院的诊断证明、或者是出国交换的录取通知书等），如问题可电话66618500/邮件xsxj@vma.edu.cn咨询张博老师。
Student/AO,怎么转学、退学,怎么办理转学、休学,"<div id=""se-knowledge""><p>转/退学需学生监护人来校办理。<br>转/退学需准备转入学校的录取通知书，如有问题可电话66618500/邮件xsxj@vma.edu.cn咨询张博老师。</p><link rel=""stylesheet"" href=""//g.alicdn.com/ikc-fe/kc-editor-theme/pc.css""></div>"
Student/AO,怎么在学校系统中修改个人信息,怎么在Espace、powerschool中修改个人生日、英文名字等信息,发邮件到xsxj@vma.edu.cn或到VMA527找张博老师。
Student/AO,怎么办理退住宿费,MBS509财务室,"<div id=""se-knowledge""><p>1.钉钉线上填写退宿退费申请表，或者到MBS509财务室领取退宿退费申请表填写纸质单；
</p><p>2.填好后连同退宿申请表及退费收款人身份证及银行卡复印件一起交到财务室。一般周一、周三、周五的时间可以在二楼大堂交给值班的财务老师
</p><p></p><link rel=""stylesheet"" href=""//g.alicdn.com/ikc-fe/kc-editor-theme/pc.css""></div>"
Student/AO,怎么办理退教材费,MBS509财务室,"<div id=""se-knowledge""><p>1.到MBS509财务室领取退教材费费申请表填写纸质单，
</p><p>2.填好后连同教材退租申请及退费收款人身份证及银行卡复印件一起交到财务室。一般周一、周三、周五的时间可以在二楼大堂交给值班的财务老师</p><link rel=""stylesheet"" href=""//g.alicdn.com/ikc-fe/kc-editor-theme/pc.css""></div>"
Student/AO,怎么办理退\转学费申请,MBS509财务室,"<div id=""se-knowledge""><p>填写好万科梅沙书院转（退）学流程表，
</p><p>连同收款人身份证及银行卡复印件一起交到财务室。一般周一、周三、周五的时间可以在二楼大堂交给值班的财务老师</p><link rel=""stylesheet"" href=""//g.alicdn.com/ikc-fe/kc-editor-theme/pc.css""></div>"
Student/AMO,奖学金，奖学金内容，新生奖学金，入学奖学金,新生入学奖学金包含哪些内容？,学术类：<br/>1.在中考或未来领袖训练营有优秀表现；<br/>2.在标准化考试中取得优秀成绩；<br/>3.在知名比赛中获得优秀名次。<br/>艺术类：<br/>1.在未来领袖训练营中艺术考试成绩优异；
Student/AMO,艺术奖学金，艺术奖学金内容，艺术奖学金要求,"艺术类入学奖学金的具体要求？
入学奖学金中艺术类的要求是？",万科梅沙书院.艺术学院为每次未来领袖训练营艺术考试成绩优异的学生发放艺术奖学金. 艺术入学奖学金分为：表演艺术奖学金与视觉艺术奖学金。详情如下： <br/>奖学金项目<br/>特等奖学金为100%VMAA全年学费（不含住宿费），即人民币24万元；<br/>一等奖学金为75%VMAA全年学费（不含住宿费），即人民币万18元；<br/>二等奖学金为50%VMAA全年学费（不含住宿费），即人民币12万元；<br/>三等奖学金为25%VMAA全年学费（不含住宿费），即人民币6万元；<br/><br/>表演艺术专业<br/>音乐专业总分10分，经过音乐考评组一致同意：<br/>专业成绩9-9.5分，为一等入学奖学金颁发范围；<br/>专业成绩8.5-8.9分， 为二等入学奖学金颁发范围；<br/>专业成绩8-8.4分，为三等入学奖学金颁发范围；<br/>考评组委会会根据此评分要求决定是否颁发奖学金。<br/><br/>视觉艺术专业<br/>视觉艺术专业总分为200分， 经过视觉艺术考评组一致同意：<br/>专业成绩190-200分， 为一等入学奖学金颁发范围；<br/>专业成绩180-189分，为二等入学奖学金颁发范围；<br/>专业成绩170-179分，为三等入学奖学金颁发范围；
Student/AMO,学术类奖学金和艺术类奖学金同时获得，奖学金叠加，学术类奖学金和艺术类奖学金叠加,新生学术类奖学金和艺术类奖学金可以同时获得吗？,所有入学奖学金奖项的获得不可叠加，以最高奖项为准。
Student/AMO,入学奖学金申请，如何申请入学奖学金,入学奖学金如何申请？,入学奖学金申请递交材料的时间统一在开学后，届时招生办会有邮件通知学生。由学生填写《万科梅沙书院奖学金申请表》并附上收款账户资料:收款人身份证+收款银行卡复印件、提交相关成绩资料证明。
Student/AMO,入学奖学金发放，入学奖学金派发，,入学奖学金什么时候发放？,入学奖学金将平均分两次发放，分别是入学后第一学期期末(寒假期间)，以及第二学期期末(暑假期间)，所有奖学金将在入学第二学年开学前发放完成。
Student/AMO,入学奖学金获奖人数,入学奖学金对于获奖人数有限定吗？,没有人数限定，只要学生符合申请要求，在规定时间内按要求申请即可。
Student/AMO,学术奖学金，学术奖学金内容，学术奖学金要求,"学术类入学奖学金的具体要求？
入学奖学金中学术类的要求是？","<div id=""se-knowledge""><p><img src=""//knowledgecloud.oss-cn-hangzhou.aliyuncs.com/kc/kc-media/kc-oss-1582507356998-{9BC92894-C3E9-47ED-9EB7-151105CC416B}_20200224092224.jpg"" width=""1217"" height=""720""></p><link rel=""stylesheet"" href=""//g.alicdn.com/ikc-fe/kc-editor-theme/pc.css""></div>"
Student/AMO,奖学金如中途退学,中途退学可以仍旧获得入学奖学金吗？,无论何种原因，若获得奖学金资格的学生未在万科梅沙书院完成第一年第一学期教学日的90%(即72天)，则不享受任何奖学金奖励;若获得奖学金资格的学生完成第一学期，但未完成第二学期(含暑期小学期)教学日的90%(即100天)，享受获奖金额总额的50%奖学金，但不享受剩下的50%奖学金。
